Date,SPY,XLE,XOP
2017-01-03 14:30:00,225.24,76.17,168.04
2017-01-04 14:30:00,226.58,76.01,168.84
2017-01-05 14:30:00,226.4,75.82,168.32
2017-01-06 14:30:00,227.21,75.89,167.08
2017-01-09 14:30:00,226.46,74.79,162.4
2017-01-10 14:30:00,226.46,74.11,162.4
2017-01-11 14:30:00,227.1,74.91,164.0
2017-01-12 14:30:00,226.53,74.6,162.88
2017-01-13 14:30:00,227.05,74.38,161.88
2017-01-17 14:30:00,226.25,74.84,164.44
2017-01-18 14:30:00,226.75,74.67,164.2
2017-01-19 14:30:00,225.91,74.26,163.76
2017-01-20 14:30:00,226.74,74.54,164.52
2017-01-23 14:30:00,226.15,73.75,162.8
2017-01-24 14:30:00,227.6,74.56,165.36
2017-01-25 14:30:00,229.57,74.95,166.44
2017-01-26 14:30:00,229.33,75.01,167.2
2017-01-27 14:30:00,228.97,74.23,165.2
2017-01-30 14:30:00,227.55,72.87,160.64
2017-01-31 14:30:00,227.53,72.9,160.32
2017-02-01 14:30:00,227.62,72.36,159.12
2017-02-02 14:30:00,227.77,72.77,160.2
2017-02-03 14:30:00,229.34,73.4,162.72
2017-02-06 14:30:00,228.93,72.78,160.24
2017-02-07 14:30:00,228.94,71.75,156.36
2017-02-08 14:30:00,229.24,71.92,156.72
2017-02-09 14:30:00,230.6,72.73,159.6
2017-02-10 14:30:00,231.51,73.28,161.4
2017-02-13 14:30:00,232.77,73.42,160.12
2017-02-14 14:30:00,233.7,73.66,161.4
2017-02-15 14:30:00,234.92,73.37,160.76
2017-02-16 14:30:00,234.72,72.37,158.08
2017-02-17 14:30:00,235.09,71.97,157.28
2017-02-21 14:30:00,236.49,72.46,159.24
2017-02-22 14:30:00,236.28,71.36,154.64
2017-02-23 14:30:00,236.44,71.66,154.52
2017-02-24 14:30:00,236.74,70.99,151.48
2017-02-27 14:30:00,237.11,71.6,152.68
2017-02-28 14:30:00,236.47,71.38,151.44
2017-03-01 14:30:00,239.78,72.81,155.56
2017-03-02 14:30:00,238.27,72.12,151.8
2017-03-03 14:30:00,238.42,71.99,151.44
2017-03-06 14:30:00,237.71,72.15,152.4
2017-03-07 14:30:00,237.0,71.51,150.24
2017-03-08 14:30:00,236.56,69.65,143.8
2017-03-09 14:30:00,236.86,70.11,144.8
2017-03-10 14:30:00,237.69,70.01,144.44
2017-03-13 13:30:00,237.81,70.02,145.44
2017-03-14 13:30:00,236.9,69.23,143.52
2017-03-15 13:30:00,238.95,70.77,147.88
2017-03-16 13:30:00,238.48,70.27,146.28
2017-03-17 13:30:00,237.03,69.8,145.76
2017-03-20 13:30:00,236.77,69.746,145.9652
2017-03-21 13:30:00,233.73,69.21,142.76
2017-03-22 13:30:00,234.28,69.11,141.24
2017-03-23 13:30:00,234.03,68.83,140.68
2017-03-24 13:30:00,233.86,68.56,140.84
2017-03-27 13:30:00,233.62,68.24,141.48
2017-03-28 13:30:00,235.32,69.21,145.16
2017-03-29 13:30:00,235.54,70.16,149.04
2017-03-30 13:30:00,236.29,70.14,147.76
2017-03-31 13:30:00,235.74,69.9,149.76
2017-04-03 13:30:00,235.33,69.78,149.16
2017-04-04 13:30:00,235.48,70.29,151.16
2017-04-05 13:30:00,234.78,70.07,147.6
2017-04-06 13:30:00,235.44,70.63,149.64
2017-04-07 13:30:00,235.2,70.36,148.88
2017-04-10 13:30:00,235.34,70.89,151.36
2017-04-11 13:30:00,235.06,70.9,151.56
2017-04-12 13:30:00,234.03,70.6,148.84
2017-04-13 13:30:00,232.51,69.31,145.32
2017-04-17 13:30:00,234.57,69.46,145.96
2017-04-18 13:30:00,233.87,68.81,143.76
2017-04-19 13:30:00,233.44,67.8,139.8
2017-04-20 13:30:00,235.34,68.13,139.96
2017-04-21 13:30:00,234.59,67.79,140.44
2017-04-24 13:30:00,237.17,68.19,141.52
2017-04-25 13:30:00,238.55,68.77,144.36
2017-04-26 13:30:00,238.4,68.54,143.48
2017-04-27 13:30:00,238.6,67.79,141.0
2017-04-28 13:30:00,238.08,67.84,139.8
2017-05-01 13:30:00,238.68,67.65,139.56
2017-05-02 13:30:00,238.77,67.31,138.68
2017-05-03 13:30:00,238.48,67.5,138.76
2017-05-04 13:30:00,238.76,66.26,134.04
2017-05-05 13:30:00,239.7,67.31,139.32
2017-05-08 13:30:00,239.66,67.79,141.16
2017-05-09 13:30:00,239.44,67.23,139.36
2017-05-10 13:30:00,239.87,68.12,142.56
2017-05-11 13:30:00,239.38,67.98,141.72
2017-05-12 13:30:00,238.98,67.75,141.16
2017-05-15 13:30:00,240.3,68.28,142.2
2017-05-16 13:30:00,240.08,67.94,140.84
2017-05-17 13:30:00,235.82,67.27,138.76
2017-05-18 13:30:00,236.77,67.25,138.76
2017-05-19 13:30:00,238.31,68.08,142.08
2017-05-22 13:30:00,239.52,67.93,140.96
2017-05-23 13:30:00,240.05,68.09,140.84
2017-05-24 13:30:00,240.61,67.73,139.0
2017-05-25 13:30:00,241.76,66.5,135.4
2017-05-26 13:30:00,241.71,66.61,135.72
2017-05-30 13:30:00,241.5,65.72,131.92
2017-05-31 13:30:00,241.44,65.44,130.28
2017-06-01 13:30:00,243.36,65.85,132.04
2017-06-02 13:30:00,244.17,65.09,129.28
2017-06-05 13:30:00,243.99,65.21,128.88
2017-06-06 13:30:00,243.21,65.98,132.16
2017-06-07 13:30:00,243.66,65.05,126.72
2017-06-08 13:30:00,243.78,64.86,125.72
2017-06-09 13:30:00,243.41,66.42,130.44
2017-06-12 13:30:00,243.36,66.89,131.28
2017-06-13 13:30:00,244.55,67.39,134.64
2017-06-14 13:30:00,244.24,66.17,128.8
2017-06-15 13:30:00,243.77,65.67,125.64
2017-06-16 13:30:00,242.64,66.3,126.6
2017-06-19 13:30:00,244.66,65.88,126.24
2017-06-20 13:30:00,243.01,65.04,124.76
2017-06-21 13:30:00,242.95,63.99,120.68
2017-06-22 13:30:00,242.84,63.95,120.84
2017-06-23 13:30:00,243.13,64.38,124.08
2017-06-26 13:30:00,243.29,64.24,124.4
2017-06-27 13:30:00,241.33,64.14,124.52
2017-06-28 13:30:00,243.49,64.49,125.24
2017-06-29 13:30:00,241.35,64.63,126.8
2017-06-30 13:30:00,241.8,64.92,127.68
2017-07-03 13:30:00,242.21,66.17,130.44
2017-07-05 13:30:00,242.77,64.83,126.0
2017-07-06 13:30:00,240.55,64.11,123.16
2017-07-07 13:30:00,242.11,64.01,122.64
2017-07-10 13:30:00,242.37,64.22,124.52
2017-07-11 13:30:00,242.19,64.57,125.64
2017-07-12 13:30:00,244.01,64.75,125.6
2017-07-13 13:30:00,244.42,65.01,126.56
2017-07-14 13:30:00,245.56,65.4,127.64
2017-07-17 13:30:00,245.53,65.32,127.56
2017-07-18 13:30:00,245.66,65.01,126.0
2017-07-19 13:30:00,246.99,65.96,130.64
2017-07-20 13:30:00,247.1,65.76,128.16
2017-07-21 13:30:00,246.88,65.11,126.6
2017-07-24 13:30:00,246.82,64.99,126.48
2017-07-25 13:30:00,247.42,65.81,130.52
2017-07-26 13:30:00,247.43,65.88,130.32
2017-07-27 13:30:00,247.2,66.55,131.64
2017-07-28 13:30:00,246.91,66.47,131.36
2017-07-31 13:30:00,246.77,66.62,130.08
2017-08-01 13:30:00,247.32,66.61,129.12
2017-08-02 13:30:00,247.44,66.36,126.64
2017-08-03 13:30:00,246.96,65.43,122.2
2017-08-04 13:30:00,247.41,65.64,125.08
2017-08-07 13:30:00,247.87,65.14,123.04
2017-08-08 13:30:00,247.26,64.99,122.84
2017-08-09 13:30:00,247.25,65.05,123.28
2017-08-10 13:30:00,243.76,64.36,121.48
2017-08-11 13:30:00,244.12,63.94,121.72
2017-08-14 13:30:00,246.54,63.75,120.4
2017-08-15 13:30:00,246.51,63.51,119.88
2017-08-16 13:30:00,246.94,62.9,118.2
2017-08-17 13:30:00,243.09,62.01,116.4
2017-08-18 13:30:00,242.71,62.32,117.84
2017-08-21 13:30:00,242.9,62.0,116.36
2017-08-22 13:30:00,245.44,62.41,117.36
2017-08-23 13:30:00,244.56,62.68,118.48
2017-08-24 13:30:00,243.99,62.72,118.76
2017-08-25 13:30:00,244.56,63.0,119.04
2017-08-28 13:30:00,244.57,62.72,118.32
2017-08-29 13:30:00,244.85,62.64,118.16
2017-08-30 13:30:00,246.01,62.67,118.48
2017-08-31 13:30:00,247.49,62.97,120.64
2017-09-01 13:30:00,247.84,63.58,122.44
2017-09-05 13:30:00,246.06,63.93,121.68
2017-09-06 13:30:00,246.9,64.97,123.72
2017-09-07 13:30:00,246.87,65.09,123.04
2017-09-08 13:30:00,246.58,64.4,119.56
2017-09-11 13:30:00,249.21,65.01,120.68
2017-09-12 13:30:00,250.05,65.41,123.32
2017-09-13 13:30:00,250.17,66.23,126.76
2017-09-14 13:30:00,250.09,66.55,127.4
2017-09-15 13:30:00,249.19,65.84,127.32
2017-09-18 13:30:00,249.72,66.12,128.44
2017-09-19 13:30:00,249.97,66.39,128.72
2017-09-20 13:30:00,250.06,66.84,131.44
2017-09-21 13:30:00,249.39,66.86,131.64
2017-09-22 13:30:00,249.44,67.2,132.16
2017-09-25 13:30:00,248.93,68.17,135.92
2017-09-26 13:30:00,249.08,68.14,136.48
2017-09-27 13:30:00,250.05,68.43,137.48
2017-09-28 13:30:00,250.35,68.49,136.8
2017-09-29 13:30:00,251.23,68.48,136.36
2017-10-02 13:30:00,252.32,68.46,137.16
2017-10-03 13:30:00,252.86,68.39,137.08
2017-10-04 13:30:00,253.16,68.34,136.28
2017-10-05 13:30:00,254.66,68.65,137.4
2017-10-06 13:30:00,254.37,68.07,134.32
2017-10-09 13:30:00,253.95,68.21,134.76
2017-10-10 13:30:00,254.62,68.27,134.56
2017-10-11 13:30:00,255.02,68.43,135.36
2017-10-12 13:30:00,254.64,68.18,134.36
2017-10-13 13:30:00,254.95,68.14,134.4
2017-10-16 13:30:00,255.29,68.29,134.52
2017-10-17 13:30:00,255.47,68.33,134.68
2017-10-18 13:30:00,255.72,67.85,133.4
2017-10-19 13:30:00,255.79,67.64,132.56
2017-10-20 13:30:00,257.11,67.77,133.2
2017-10-23 13:30:00,256.11,67.42,130.04
2017-10-24 13:30:00,256.56,67.55,130.12
2017-10-25 13:30:00,255.29,67.08,129.0
2017-10-26 13:30:00,255.62,67.22,129.68
2017-10-27 13:30:00,257.71,67.34,133.48
2017-10-30 13:30:00,256.75,67.69,135.0
2017-10-31 13:30:00,257.15,67.91,137.12
2017-11-01 13:30:00,257.49,68.68,141.2
2017-11-02 13:30:00,257.59,68.48,139.52
2017-11-03 13:30:00,258.45,68.68,141.4
2017-11-06 14:30:00,258.85,70.25,147.32
2017-11-07 14:30:00,258.67,70.16,146.6
2017-11-08 14:30:00,259.11,69.82,144.4
2017-11-09 14:30:00,258.17,70.03,146.4
2017-11-10 14:30:00,258.09,69.66,145.96
2017-11-13 14:30:00,258.33,69.26,143.52
2017-11-14 14:30:00,257.73,68.14,138.48
2017-11-15 14:30:00,256.44,67.37,136.72
2017-11-16 14:30:00,258.62,67.1,137.2
2017-11-17 14:30:00,257.86,67.43,140.0
2017-11-20 14:30:00,258.3,67.27,138.32
2017-11-21 14:30:00,259.99,67.42,138.8
2017-11-22 14:30:00,259.76,67.69,141.16
2017-11-24 14:30:00,260.36,67.88,141.28
2017-11-27 14:30:00,260.23,67.19,137.68
2017-11-28 14:30:00,262.87,67.71,138.76
2017-11-29 14:30:00,262.71,68.08,139.44
2017-11-30 14:30:00,265.01,69.1,142.88
2017-12-01 14:30:00,264.46,69.68,145.72
2017-12-04 14:30:00,264.14,69.65,143.84
2017-12-05 14:30:00,263.19,69.35,142.56
2017-12-06 14:30:00,263.24,68.45,138.2
2017-12-07 14:30:00,264.07,68.65,139.2
2017-12-08 14:30:00,265.51,69.28,141.2
2017-12-11 14:30:00,266.31,69.78,142.92
2017-12-12 14:30:00,266.78,69.59,140.72
2017-12-13 14:30:00,266.75,69.49,139.32
2017-12-14 14:30:00,265.66,69.24,137.92
2017-12-15 14:30:00,266.51,68.72,136.32
2017-12-18 14:30:00,268.2,69.25,139.0
2017-12-19 14:30:00,267.17,69.35,139.24
2017-12-20 14:30:00,267.03,70.33,142.72
2017-12-21 14:30:00,267.58,71.82,146.64
2017-12-22 14:30:00,267.51,71.97,147.28
2017-12-26 14:30:00,267.19,72.6,150.56
2017-12-27 14:30:00,267.32,72.36,149.36
2017-12-28 14:30:00,267.87,72.47,150.48
2017-12-29 14:30:00,266.86,72.26,148.72
2018-01-02 14:30:00,268.77,73.45,152.88
2018-01-03 14:30:00,270.47,74.55,154.4
2018-01-04 14:30:00,271.61,75.0,155.16
2018-01-05 14:30:00,273.42,74.97,154.16
2018-01-08 14:30:00,273.92,75.42,155.08
2018-01-09 14:30:00,274.54,75.23,154.84
2018-01-10 14:30:00,274.12,75.14,153.92
2018-01-11 14:30:00,276.12,76.68,157.6
2018-01-12 14:30:00,277.92,77.42,158.88
2018-01-16 14:30:00,276.97,76.44,156.0
2018-01-17 14:30:00,279.61,77.11,157.32
2018-01-18 14:30:00,279.14,76.48,155.52
2018-01-19 14:30:00,280.41,76.38,154.88
2018-01-22 14:30:00,282.69,78.03,158.76
2018-01-23 14:30:00,283.29,77.91,159.4
2018-01-24 14:30:00,283.18,77.7,158.88
2018-01-25 14:30:00,283.3,77.09,155.64
2018-01-26 14:30:00,286.58,77.51,156.24
2018-01-29 14:30:00,284.68,76.34,153.2
2018-01-30 14:30:00,281.76,74.8,147.88
2018-01-31 14:30:00,281.9,74.85,147.64
2018-02-01 14:30:00,281.58,75.62,148.36
2018-02-02 14:30:00,275.45,72.46,142.04
2018-02-05 14:30:00,263.93,69.42,137.48
2018-02-06 14:30:00,269.13,69.97,139.28
2018-02-07 14:30:00,267.67,68.8,134.84
2018-02-08 14:30:00,257.63,66.72,129.52
2018-02-09 14:30:00,261.5,66.67,129.56
2018-02-12 14:30:00,265.34,67.76,132.92
2018-02-13 14:30:00,266.0,67.48,131.12
2018-02-14 14:30:00,269.59,68.46,136.08
2018-02-15 14:30:00,273.03,68.29,136.36
2018-02-16 14:30:00,273.11,68.12,135.68
2018-02-20 14:30:00,271.4,67.75,135.28
2018-02-21 14:30:00,270.05,66.61,132.04
2018-02-22 14:30:00,270.4,67.34,134.92
2018-02-23 14:30:00,274.71,68.8,138.56
2018-02-26 14:30:00,277.9,69.21,139.16
2018-02-27 14:30:00,274.43,68.31,135.88
2018-02-28 14:30:00,271.65,66.74,132.24
2018-03-01 14:30:00,267.7,66.64,133.6
2018-03-02 14:30:00,269.08,66.95,136.56
2018-03-05 14:30:00,272.19,67.66,139.04
2018-03-06 14:30:00,272.88,67.7,137.76
2018-03-07 14:30:00,272.78,67.19,136.36
2018-03-08 14:30:00,274.1,67.17,136.12
2018-03-09 14:30:00,278.87,68.45,139.08
2018-03-12 13:30:00,278.52,68.43,139.24
2018-03-13 13:30:00,276.72,67.94,138.64
2018-03-14 13:30:00,275.3,67.54,138.12
2018-03-15 13:30:00,275.0,67.19,136.24
2018-03-16 13:30:00,274.2,67.31,137.68
2018-03-19 13:30:00,270.49,66.27,134.24
2018-03-20 13:30:00,270.95,66.83,136.28
2018-03-21 13:30:00,270.43,68.58,141.96
2018-03-22 13:30:00,263.67,67.18,138.96
2018-03-23 13:30:00,258.05,66.77,138.8
2018-03-26 13:30:00,265.11,67.97,141.4
2018-03-27 13:30:00,260.6,67.33,137.96
2018-03-28 13:30:00,259.83,66.02,137.04
2018-03-29 13:30:00,263.15,67.41,140.88
2018-04-02 13:30:00,257.47,66.06,136.12
2018-04-03 13:30:00,260.77,67.47,138.44
2018-04-04 13:30:00,263.56,67.38,138.52
2018-04-05 13:30:00,265.64,68.59,142.48
2018-04-06 13:30:00,259.72,67.35,138.64
2018-04-09 13:30:00,261.0,67.67,138.84
2018-04-10 13:30:00,265.15,69.91,144.68
2018-04-11 13:30:00,263.76,70.64,147.32
2018-04-12 13:30:00,265.93,70.63,147.04
2018-04-13 13:30:00,265.15,71.41,149.52
2018-04-16 13:30:00,267.33,72.14,150.6
2018-04-17 13:30:00,270.19,72.42,151.56
2018-04-18 13:30:00,270.39,73.56,156.24
2018-04-19 13:30:00,268.89,73.65,155.92
2018-04-20 13:30:00,266.61,73.3,155.44
2018-04-23 13:30:00,266.57,73.75,156.48
2018-04-24 13:30:00,262.98,72.96,154.56
2018-04-25 13:30:00,263.63,73.54,156.48
2018-04-26 13:30:00,266.31,74.61,158.6
2018-04-27 13:30:00,266.56,73.82,155.72
2018-04-30 13:30:00,264.51,73.81,157.52
2018-05-01 13:30:00,264.98,73.36,156.8
2018-05-02 13:30:00,263.2,73.66,158.24
2018-05-03 13:30:00,262.62,73.49,155.56
2018-05-04 13:30:00,266.02,73.85,158.44
2018-05-07 13:30:00,266.92,73.95,159.4
2018-05-08 13:30:00,266.92,74.53,162.68
2018-05-09 13:30:00,269.5,76.05,165.56
2018-05-10 13:30:00,272.02,76.62,166.32
2018-05-11 13:30:00,272.85,76.73,165.08
2018-05-14 13:30:00,272.98,77.26,167.16
2018-05-15 13:30:00,271.1,77.28,167.8
2018-05-16 13:30:00,272.24,77.55,168.92
2018-05-17 13:30:00,272.01,78.72,174.08
2018-05-18 13:30:00,271.33,78.11,172.64
2018-05-21 13:30:00,273.37,78.91,176.88
2018-05-22 13:30:00,272.61,77.86,172.32
2018-05-23 13:30:00,273.36,77.85,171.36
2018-05-24 13:30:00,272.8,76.57,168.84
2018-05-25 13:30:00,272.15,74.58,163.52
2018-05-29 13:30:00,269.02,74.35,164.24
2018-05-30 13:30:00,272.61,76.6,170.32
2018-05-31 13:30:00,270.94,76.02,169.0
2018-06-01 13:30:00,273.6,76.38,168.6
2018-06-04 13:30:00,274.9,75.72,164.68
2018-06-05 13:30:00,275.1,75.54,164.28
2018-06-06 13:30:00,277.4,75.9,164.68
2018-06-07 13:30:00,277.37,77.05,168.84
2018-06-08 13:30:00,278.19,76.9,168.16
2018-06-11 13:30:00,278.56,77.3,169.36
2018-06-12 13:30:00,278.92,76.71,168.72
2018-06-13 13:30:00,278.03,76.42,168.64
2018-06-14 13:30:00,278.73,76.31,166.8
2018-06-15 13:30:00,277.13,74.17,161.68
2018-06-18 13:30:00,276.56,74.91,165.16
2018-06-19 13:30:00,275.5,74.74,166.6
2018-06-20 13:30:00,275.97,75.07,169.44
2018-06-21 13:30:00,274.24,73.68,165.04
2018-06-22 13:30:00,274.74,75.15,170.36
2018-06-25 13:30:00,271.0,73.64,165.88
2018-06-26 13:30:00,271.6,74.57,169.84
2018-06-27 13:30:00,269.35,75.57,172.16
2018-06-28 13:30:00,270.89,75.47,171.64
2018-06-29 13:30:00,271.28,75.94,172.24
2018-07-02 13:30:00,271.86,74.82,168.96
2018-07-03 13:30:00,270.9,75.29,170.72
2018-07-05 13:30:00,273.11,75.21,170.48
2018-07-06 13:30:00,275.42,75.67,173.64
2018-07-09 13:30:00,277.9,76.8,178.08
2018-07-10 13:30:00,278.9,77.37,177.8
2018-07-11 13:30:00,276.86,75.73,173.12
2018-07-12 13:30:00,279.37,75.86,172.68
2018-07-13 13:30:00,279.59,76.26,172.76
2018-07-16 13:30:00,279.34,75.38,169.28
2018-07-17 13:30:00,280.47,75.08,169.36
2018-07-18 13:30:00,281.06,75.13,169.8
2018-07-19 13:30:00,280.0,75.15,170.68
2018-07-20 13:30:00,279.68,74.89,170.0
2018-07-23 13:30:00,280.2,74.56,169.2
2018-07-24 13:30:00,281.61,75.5,170.76
2018-07-25 13:30:00,284.01,76.13,171.96
2018-07-26 13:30:00,283.34,76.96,172.52
2018-07-27 13:30:00,281.42,76.63,169.0
2018-07-30 13:30:00,279.95,77.26,172.04
2018-07-31 13:30:00,281.33,77.12,172.08
2018-08-01 13:30:00,280.86,76.05,169.36
2018-08-02 13:30:00,282.39,75.63,169.88
2018-08-03 13:30:00,283.6,75.24,168.0
2018-08-06 13:30:00,284.64,75.52,169.12
2018-08-07 13:30:00,285.58,76.08,169.44
2018-08-08 13:30:00,285.46,75.53,166.8
2018-08-09 13:30:00,285.07,74.83,165.24
2018-08-10 13:30:00,283.16,75.29,166.84
2018-08-13 13:30:00,282.1,74.33,162.68
2018-08-14 13:30:00,283.9,74.51,164.04
2018-08-15 13:30:00,281.78,71.91,156.4
2018-08-16 13:30:00,284.06,72.43,157.88
2018-08-17 13:30:00,285.06,72.61,158.8
2018-08-20 13:30:00,285.67,73.1,160.44
2018-08-21 13:30:00,286.34,73.47,163.48
2018-08-22 13:30:00,286.17,74.35,166.8
2018-08-23 13:30:00,285.79,74.0,166.04
2018-08-24 13:30:00,287.51,74.54,168.2
2018-08-27 13:30:00,289.78,75.09,168.6
2018-08-28 13:30:00,289.92,74.77,167.44
2018-08-29 13:30:00,291.48,75.23,169.56
2018-08-30 13:30:00,290.3,75.02,170.48
2018-08-31 13:30:00,290.31,74.44,169.36
2018-09-04 13:30:00,289.81,74.28,167.44
2018-09-05 13:30:00,289.03,74.18,166.36
2018-09-06 13:30:00,288.16,72.81,161.52
2018-09-07 13:30:00,287.6,72.8,159.8
2018-09-10 13:30:00,288.1,72.77,160.08
2018-09-11 13:30:00,289.05,73.46,163.16
2018-09-12 13:30:00,289.12,73.84,165.32
2018-09-13 13:30:00,290.83,73.87,164.56
2018-09-14 13:30:00,290.88,74.26,165.32
2018-09-17 13:30:00,289.34,74.38,164.96
2018-09-18 13:30:00,290.91,74.87,167.2
2018-09-19 13:30:00,291.22,75.1,169.0
2018-09-20 13:30:00,293.58,75.12,168.52
2018-09-21 13:30:00,291.99,75.1,169.96
2018-09-24 13:30:00,291.02,76.2,173.48
2018-09-25 13:30:00,290.75,76.69,174.32
2018-09-26 13:30:00,289.88,75.95,171.28
2018-09-27 13:30:00,290.69,75.95,172.8
2018-09-28 13:30:00,290.72,75.74,173.16
2018-10-01 13:30:00,291.73,76.79,174.96
2018-10-02 13:30:00,291.56,76.87,174.04
2018-10-03 13:30:00,291.72,77.49,178.28
2018-10-04 13:30:00,289.44,77.17,175.44
2018-10-05 13:30:00,287.82,77.16,174.6
2018-10-08 13:30:00,287.82,77.1,173.52
2018-10-09 13:30:00,287.4,77.79,175.8
2018-10-10 13:30:00,278.3,75.35,167.84
2018-10-11 13:30:00,272.17,72.8,162.6
2018-10-12 13:30:00,275.95,73.0,164.68
2018-10-15 13:30:00,274.4,72.39,165.12
2018-10-16 13:30:00,280.4,72.99,167.52
2018-10-17 13:30:00,280.45,72.53,164.6
2018-10-18 13:30:00,276.4,72.17,161.96
2018-10-19 13:30:00,276.25,71.53,160.0
2018-10-22 13:30:00,275.01,70.74,157.44
2018-10-23 13:30:00,273.61,68.89,151.88
2018-10-24 13:30:00,265.32,66.17,142.72
2018-10-25 13:30:00,270.08,66.98,145.32
2018-10-26 13:30:00,265.33,66.48,143.68
2018-10-29 13:30:00,263.86,65.24,138.44
2018-10-30 13:30:00,267.77,66.75,141.4
2018-10-31 13:30:00,270.63,67.16,144.28
2018-11-01 13:30:00,273.51,67.73,147.12
2018-11-02 13:30:00,271.89,67.56,144.72
2018-11-05 14:30:00,273.39,68.69,148.8
2018-11-06 14:30:00,275.12,69.01,147.48
2018-11-07 14:30:00,281.01,70.14,151.28
2018-11-08 14:30:00,280.5,68.62,145.64
2018-11-09 14:30:00,277.76,68.5,145.56
2018-11-12 14:30:00,272.57,67.08,140.52
2018-11-13 14:30:00,272.06,65.54,137.8
2018-11-14 14:30:00,270.2,65.43,137.12
2018-11-15 14:30:00,273.02,66.39,139.16
2018-11-16 14:30:00,273.73,67.18,139.0
2018-11-19 14:30:00,269.1,67.16,138.24
2018-11-20 14:30:00,264.12,64.96,131.64
2018-11-21 14:30:00,265.02,65.98,134.8
2018-11-23 14:30:00,263.25,63.91,130.0
2018-11-26 14:30:00,267.5,64.87,132.04
2018-11-27 14:30:00,268.4,64.69,130.36
2018-11-28 14:30:00,274.58,65.8,132.24
2018-11-29 14:30:00,273.98,66.23,133.08
2018-11-30 14:30:00,275.65,66.11,131.24
2018-12-03 14:30:00,279.3,67.58,135.48
2018-12-04 14:30:00,270.25,65.64,130.88
2018-12-06 14:30:00,269.84,64.43,126.72
2018-12-07 14:30:00,263.57,64.07,126.16
2018-12-10 14:30:00,264.07,63.07,122.08
2018-12-11 14:30:00,264.13,63.09,121.84
2018-12-12 14:30:00,265.46,63.34,122.52
2018-12-13 14:30:00,265.37,63.54,121.76
2018-12-14 14:30:00,260.47,62.09,116.36
2018-12-17 14:30:00,255.36,60.96,112.88
2018-12-18 14:30:00,255.08,59.52,109.64
2018-12-19 14:30:00,251.26,58.82,108.16
2018-12-20 14:30:00,247.17,57.19,104.08
2018-12-21 14:30:00,240.7,56.11,101.4
2018-12-24 14:30:00,234.34,53.84,96.48
2018-12-26 14:30:00,246.18,57.19,106.6
2018-12-27 14:30:00,248.07,57.49,107.0
2018-12-28 14:30:00,247.75,57.05,105.48
2018-12-31 14:30:00,249.92,57.35,106.12
2019-01-02 14:30:00,250.18,58.48,109.16
2019-01-03 14:30:00,244.21,57.9,108.4
2019-01-04 14:30:00,252.39,59.87,114.52
2019-01-07 14:30:00,254.38,60.76,118.44
2019-01-08 14:30:00,256.77,61.23,119.52
2019-01-09 14:30:00,257.97,62.2,122.2
2019-01-10 14:30:00,258.88,62.38,122.96
2019-01-11 14:30:00,258.98,62.01,121.6
2019-01-14 14:30:00,257.4,61.86,121.68
2019-01-15 14:30:00,260.35,62.08,123.08
2019-01-16 14:30:00,260.98,62.0,123.32
2019-01-17 14:30:00,262.96,62.57,124.04
2019-01-18 14:30:00,266.46,63.84,126.44
2019-01-22 14:30:00,262.86,62.45,121.16
2019-01-23 14:30:00,263.41,61.81,119.2
2019-01-24 14:30:00,263.55,62.14,119.88
2019-01-25 14:30:00,265.78,62.93,122.12
2019-01-28 14:30:00,263.76,62.3,120.0
2019-01-29 14:30:00,263.41,62.49,120.56
2019-01-30 14:30:00,267.58,63.37,123.96
2019-01-31 14:30:00,269.93,63.78,122.16
2019-02-01 14:30:00,270.06,64.89,122.8
2019-02-04 14:30:00,271.96,65.04,123.52
2019-02-05 14:30:00,273.1,65.14,121.84
2019-02-06 14:30:00,272.74,64.66,120.4
2019-02-07 14:30:00,270.14,63.23,115.2
2019-02-08 14:30:00,270.47,62.94,113.44
2019-02-11 14:30:00,270.62,63.24,115.28
2019-02-12 14:30:00,274.1,64.04,116.68
2019-02-13 14:30:00,274.99,64.84,119.2
2019-02-14 14:30:00,274.38,65.07,120.76
2019-02-15 14:30:00,277.37,66.12,124.0
2019-02-19 14:30:00,277.85,66.32,123.48
2019-02-20 14:30:00,278.41,66.6,124.88
2019-02-21 14:30:00,277.42,65.57,121.48
2019-02-22 14:30:00,279.14,65.76,122.52
2019-02-25 14:30:00,279.52,65.87,122.32
2019-02-26 14:30:00,279.32,65.66,120.48
2019-02-27 14:30:00,279.2,65.91,120.68
2019-02-28 14:30:00,278.68,65.25,119.12
2019-03-01 14:30:00,280.42,66.45,121.64
2019-03-04 14:30:00,279.4,66.57,122.48
2019-03-05 14:30:00,279.02,66.35,121.4
2019-03-06 14:30:00,277.33,65.51,117.92
2019-03-07 14:30:00,275.01,65.12,116.32
2019-03-08 14:30:00,274.46,63.9,112.24
2019-03-11 13:30:00,278.44,64.9,114.64
2019-03-12 13:30:00,279.49,65.32,117.56
2019-03-13 13:30:00,281.34,65.98,120.04
2019-03-14 13:30:00,281.16,66.05,120.4
2019-03-15 13:30:00,281.31,65.51,119.08
2019-03-18 13:30:00,282.33,66.42,121.96
2019-03-19 13:30:00,282.4,66.24,120.76
2019-03-20 13:30:00,281.55,66.82,124.12
2019-03-21 13:30:00,284.73,67.29,125.96
2019-03-22 13:30:00,279.25,65.47,120.24
2019-03-25 13:30:00,279.04,65.5,120.32
2019-03-26 13:30:00,281.12,66.44,122.8
2019-03-27 13:30:00,279.65,65.97,122.48
2019-03-28 13:30:00,280.71,66.22,123.2
2019-03-29 13:30:00,282.48,66.12,122.96
2019-04-01 13:30:00,285.83,66.99,124.68
2019-04-02 13:30:00,285.97,66.53,123.4
2019-04-03 13:30:00,286.42,65.89,120.64
2019-04-04 13:30:00,287.18,66.44,122.84
2019-04-05 13:30:00,288.57,67.61,127.24
2019-04-08 13:30:00,288.79,67.91,128.12
2019-04-09 13:30:00,287.31,67.08,125.56
2019-04-10 13:30:00,288.29,67.33,127.4
2019-04-11 13:30:00,288.21,67.38,125.68
2019-04-12 13:30:00,290.16,67.56,129.84
2019-04-15 13:30:00,289.97,67.16,128.32
2019-04-16 13:30:00,290.16,67.6,129.08
2019-04-17 13:30:00,289.45,67.51,128.6
2019-04-18 13:30:00,290.02,67.19,127.24
2019-04-22 13:30:00,290.27,68.61,131.92
2019-04-23 13:30:00,292.88,68.5,131.76
2019-04-24 13:30:00,292.23,67.3,129.12
2019-04-25 13:30:00,292.05,67.09,127.16
2019-04-26 13:30:00,293.41,66.22,125.12
2019-04-29 13:30:00,293.87,66.16,124.96
2019-04-30 13:30:00,294.02,66.11,123.8
2019-05-01 13:30:00,291.81,64.79,119.8
2019-05-02 13:30:00,291.18,63.66,115.92
2019-05-03 13:30:00,294.03,64.25,118.48
2019-05-06 13:30:00,292.82,64.31,119.6
2019-05-07 13:30:00,287.93,63.75,117.92
2019-05-08 13:30:00,287.53,63.75,119.08
2019-05-09 13:30:00,286.66,63.75,118.64
2019-05-10 13:30:00,288.1,64.05,119.16
2019-05-13 13:30:00,280.86,62.95,115.04
2019-05-14 13:30:00,283.4,63.72,117.88
2019-05-15 13:30:00,285.06,64.05,119.48
2019-05-16 13:30:00,287.7,64.4,120.72
2019-05-17 13:30:00,285.84,63.75,117.96
2019-05-20 13:30:00,283.95,63.78,116.96
2019-05-21 13:30:00,286.51,64.52,119.48
2019-05-22 13:30:00,285.63,63.52,114.92
2019-05-23 13:30:00,282.14,61.39,108.4
2019-05-24 13:30:00,282.78,61.62,108.48
2019-05-28 13:30:00,280.15,60.98,106.84
2019-05-29 13:30:00,278.27,60.59,107.4
2019-05-30 13:30:00,279.03,59.82,104.64
2019-05-31 13:30:00,275.27,58.77,102.44
2019-06-03 13:30:00,274.57,59.52,103.4
2019-06-04 13:30:00,280.53,60.55,106.08
2019-06-05 13:30:00,282.96,59.88,102.32
2019-06-06 13:30:00,284.8,60.99,103.16
2019-06-07 13:30:00,287.65,61.27,103.36
2019-06-10 13:30:00,288.97,61.45,102.72
2019-06-11 13:30:00,288.9,61.57,103.0
2019-06-12 13:30:00,288.39,60.7,99.44
2019-06-13 13:30:00,289.58,61.41,101.76
2019-06-14 13:30:00,289.26,61.01,99.84
2019-06-17 13:30:00,289.37,61.52,101.56
2019-06-18 13:30:00,292.4,62.37,104.24
2019-06-19 13:30:00,293.06,62.3,103.72
2019-06-20 13:30:00,295.86,63.68,106.88
2019-06-21 13:30:00,294.0,63.56,106.84
2019-06-24 13:30:00,293.64,62.99,105.36
2019-06-25 13:30:00,290.76,62.49,103.96
2019-06-26 13:30:00,290.47,63.45,107.36
2019-06-27 13:30:00,291.5,62.98,107.08
2019-06-28 13:30:00,293.0,63.71,109.0
2019-07-01 13:30:00,295.66,63.77,108.8
2019-07-02 13:30:00,296.43,62.75,104.96
2019-07-03 13:30:00,298.8,63.0,104.72
2019-07-05 13:30:00,298.46,63.09,106.04
2019-07-08 13:30:00,296.82,63.18,104.72
2019-07-09 13:30:00,297.19,63.23,104.96
2019-07-10 13:30:00,298.61,64.04,107.2
2019-07-11 13:30:00,299.31,64.17,106.0
2019-07-12 13:30:00,300.65,64.44,106.72
2019-07-15 13:30:00,300.75,63.86,103.84
2019-07-16 13:30:00,299.71,63.18,101.8
2019-07-17 13:30:00,297.74,62.46,98.6
2019-07-18 13:30:00,298.83,62.47,97.8
2019-07-19 13:30:00,297.17,62.76,99.04
2019-07-22 13:30:00,297.9,63.05,99.36
2019-07-23 13:30:00,300.03,63.22,100.36
2019-07-24 13:30:00,301.44,63.49,101.0
2019-07-25 13:30:00,300.0,62.77,98.0
2019-07-26 13:30:00,302.01,62.45,96.84
2019-07-29 13:30:00,301.46,62.2,95.04
2019-07-30 13:30:00,300.72,62.9,99.88
2019-07-31 13:30:00,297.43,62.7,100.12
2019-08-01 13:30:00,294.84,61.28,93.88
2019-08-02 13:30:00,292.62,60.4,92.8
2019-08-05 13:30:00,283.82,58.6,88.96
2019-08-06 13:30:00,287.8,58.53,87.64
2019-08-07 13:30:00,287.97,58.09,87.44
2019-08-08 13:30:00,293.62,59.76,90.0
2019-08-09 13:30:00,291.62,59.1,89.16
2019-08-12 13:30:00,288.07,58.4,87.8
2019-08-13 13:30:00,292.55,58.94,88.36
2019-08-14 13:30:00,283.9,56.63,83.88
2019-08-15 13:30:00,284.65,56.28,83.12
2019-08-16 13:30:00,288.85,57.02,85.76
2019-08-19 13:30:00,292.33,58.28,89.28
2019-08-20 13:30:00,290.09,57.79,88.56
2019-08-21 13:30:00,292.45,58.16,88.96
2019-08-22 13:30:00,292.36,57.9,87.88
2019-08-23 13:30:00,284.85,55.96,83.72
2019-08-26 13:30:00,288.0,56.2,83.6
2019-08-27 13:30:00,286.87,55.85,82.4
2019-08-28 13:30:00,288.89,56.65,85.0
2019-08-29 13:30:00,292.58,57.48,87.88
2019-08-30 13:30:00,292.45,57.48,86.28
2019-09-03 13:30:00,290.74,57.2,84.64
2019-09-04 13:30:00,294.04,58.0,86.88
2019-09-05 13:30:00,297.82,58.72,89.16
2019-09-06 13:30:00,298.05,59.03,88.84
2019-09-09 13:30:00,298.2,60.21,93.84
2019-09-10 13:30:00,298.13,60.92,94.68
2019-09-11 13:30:00,300.25,60.98,94.96
2019-09-12 13:30:00,301.29,60.6,93.0
2019-09-13 13:30:00,301.09,61.08,93.68
2019-09-16 13:30:00,300.16,63.13,103.8
2019-09-17 13:30:00,300.92,62.25,98.28
2019-09-18 13:30:00,301.1,61.95,96.76
2019-09-19 13:30:00,301.08,61.79,94.84
2019-09-20 13:30:00,298.28,61.28,95.16
2019-09-23 13:30:00,298.21,61.3,94.84
2019-09-24 13:30:00,295.87,60.33,92.2
2019-09-25 13:30:00,297.62,60.43,92.32
2019-09-26 13:30:00,297.0,59.64,90.52
2019-09-27 13:30:00,295.4,59.63,90.04
2019-09-30 13:30:00,296.77,59.2,89.44
2019-10-01 13:30:00,293.24,57.83,86.2
2019-10-02 13:30:00,288.06,56.41,83.8
2019-10-03 13:30:00,290.42,57.02,85.08
2019-10-04 13:30:00,294.35,57.38,84.96
2019-10-07 13:30:00,293.08,56.87,83.92
2019-10-08 13:30:00,288.53,55.9,81.52
2019-10-09 13:30:00,291.27,56.41,82.16
2019-10-10 13:30:00,293.24,57.12,83.0
2019-10-11 13:30:00,296.28,57.89,85.04
2019-10-14 13:30:00,295.95,57.86,83.92
2019-10-15 13:30:00,298.88,58.1,84.0
2019-10-16 13:30:00,298.4,57.29,83.4
2019-10-17 13:30:00,299.28,57.33,83.8
2019-10-18 13:30:00,297.97,57.03,82.24
2019-10-21 13:30:00,299.99,58.05,82.84
2019-10-22 13:30:00,299.01,58.8,84.2
2019-10-23 13:30:00,299.88,59.29,85.84
2019-10-24 13:30:00,300.37,59.04,85.56
2019-10-25 13:30:00,301.6,59.52,87.36
2019-10-28 13:30:00,303.3,59.18,86.76
2019-10-29 13:30:00,303.21,59.42,88.2
2019-10-30 13:30:00,304.14,58.21,84.92
2019-10-31 13:30:00,303.33,57.96,84.48
2019-11-01 13:30:00,306.14,59.28,87.4
2019-11-04 14:30:00,307.37,61.21,91.64
2019-11-05 14:30:00,307.03,61.29,91.76
2019-11-06 14:30:00,307.1,60.04,88.96
2019-11-07 14:30:00,308.18,60.94,90.76
2019-11-08 14:30:00,308.94,60.69,91.36
2019-11-11 14:30:00,308.35,60.35,89.32
2019-11-12 14:30:00,309.0,60.04,89.0
2019-11-13 14:30:00,309.1,59.78,87.6
2019-11-14 14:30:00,309.55,59.62,86.76
2019-11-15 14:30:00,311.79,60.08,87.84
2019-11-18 14:30:00,312.02,59.35,85.12
2019-11-19 14:30:00,311.93,58.47,82.36
2019-11-20 14:30:00,310.77,59.06,82.8
2019-11-21 14:30:00,310.27,60.03,84.0
2019-11-22 14:30:00,310.96,59.83,84.2
2019-11-25 14:30:00,313.37,59.89,84.92
2019-11-26 14:30:00,314.08,59.34,82.8
2019-11-27 14:30:00,315.48,59.49,83.4
2019-11-29 14:30:00,314.31,58.89,81.44
2019-12-02 14:30:00,311.64,58.89,81.48
2019-12-03 14:30:00,309.55,58.01,80.16
2019-12-04 14:30:00,311.46,58.88,82.64
2019-12-05 14:30:00,312.02,58.6,81.96
2019-12-06 14:30:00,314.87,59.72,84.92
2019-12-09 14:30:00,313.88,59.65,85.48
2019-12-10 14:30:00,313.53,59.77,86.08
2019-12-11 14:30:00,314.42,59.67,85.56
2019-12-12 14:30:00,317.13,60.77,88.8
2019-12-13 14:30:00,317.32,60.31,87.04
2019-12-16 14:30:00,319.5,61.12,89.52
2019-12-17 14:30:00,319.57,61.16,91.88
2019-12-18 14:30:00,319.59,61.39,92.44
2019-12-19 14:30:00,320.9,61.37,93.6
2019-12-20 14:30:00,320.73,61.36,92.88
2019-12-23 14:30:00,321.22,61.99,94.88
2019-12-24 14:30:00,321.23,61.96,94.8
2019-12-26 14:30:00,322.94,61.94,95.16
2019-12-27 14:30:00,322.86,61.68,93.56
2019-12-30 14:30:00,321.08,59.7,93.44
2019-12-31 14:30:00,321.86,60.04,94.8
2020-01-02 14:30:00,324.87,60.58,94.64
2020-01-03 14:30:00,322.41,60.4,96.12
2020-01-06 14:30:00,323.64,60.87,96.76
2020-01-07 14:30:00,322.73,60.71,97.92
2020-01-08 14:30:00,324.45,59.71,94.2
2020-01-09 14:30:00,326.65,60.15,93.76
2020-01-10 14:30:00,325.71,59.81,92.88
2020-01-13 14:30:00,327.95,59.83,91.56
2020-01-14 14:30:00,327.45,59.84,92.56
2020-01-15 14:30:00,328.19,59.4,91.48
2020-01-16 14:30:00,330.92,59.5,90.96
2020-01-17 14:30:00,331.95,59.12,89.48
2020-01-21 14:30:00,331.3,58.06,86.52
2020-01-22 14:30:00,331.34,57.5,84.6
2020-01-23 14:30:00,331.72,57.28,83.2
2020-01-24 14:30:00,328.77,56.62,81.76
2020-01-27 14:30:00,323.5,55.05,78.8
2020-01-28 14:30:00,326.89,55.3,79.88
2020-01-29 14:30:00,326.62,54.72,78.2
2020-01-30 14:30:00,327.68,55.16,78.52
2020-01-31 14:30:00,321.73,53.44,76.64
2020-02-03 14:30:00,324.12,52.74,75.32
2020-02-04 14:30:00,329.06,52.93,75.6
2020-02-05 14:30:00,332.86,54.92,79.72
2020-02-06 14:30:00,333.98,54.36,78.24
2020-02-07 14:30:00,332.2,53.98,76.84
2020-02-10 14:30:00,334.68,53.71,74.92
2020-02-11 14:30:00,335.26,54.31,75.28
2020-02-12 14:30:00,337.42,55.04,76.28
2020-02-13 14:30:00,337.06,54.87,75.8
2020-02-14 14:30:00,337.6,54.58,75.12
2020-02-18 14:30:00,336.73,54.13,74.32
2020-02-19 14:30:00,338.34,54.85,76.52
2020-02-20 14:30:00,336.95,54.79,76.8
2020-02-21 14:30:00,333.48,54.14,75.2
2020-02-24 14:30:00,322.42,51.64,70.6
2020-02-25 14:30:00,312.65,49.36,66.88
2020-02-26 14:30:00,311.5,47.87,63.48
2020-02-27 14:30:00,297.51,45.31,59.32
2020-02-28 14:30:00,296.26,45.27,61.52
2020-03-02 14:30:00,309.09,47.1,61.48
2020-03-03 14:30:00,300.24,45.66,59.44
2020-03-04 14:30:00,312.86,46.74,59.6
2020-03-05 14:30:00,302.46,45.03,57.12
2020-03-06 14:30:00,297.46,42.5,51.64
2020-03-09 13:30:00,274.23,33.94,32.6
2020-03-10 13:30:00,288.42,35.55,39.72
2020-03-11 13:30:00,274.36,33.67,37.28
2020-03-12 13:30:00,248.11,29.47,32.96
2020-03-13 13:30:00,269.32,32.19,37.84
2020-03-16 13:30:00,239.85,27.81,34.64
2020-03-17 13:30:00,252.8,28.0,34.12
2020-03-18 13:30:00,240.0,23.98,31.08
2020-03-19 13:30:00,240.51,25.61,33.12
2020-03-20 13:30:00,228.8,25.86,33.0
2020-03-23 13:30:00,222.95,23.57,30.16
2020-03-24 13:30:00,243.15,27.35,33.88
2020-03-25 13:30:00,246.79,28.64,34.28
2020-03-26 13:30:00,261.2,30.39,34.52
2020-03-27 13:30:00,253.42,28.33,32.12
2020-03-30 13:30:00,261.65,28.62,32.01
2020-03-31 13:30:00,257.75,29.06,32.9
2020-04-01 13:30:00,246.15,27.62,31.04
2020-04-02 13:30:00,251.83,30.15,33.66
2020-04-03 13:30:00,248.19,29.83,34.93
2020-04-06 13:30:00,264.86,31.41,36.73
2020-04-07 13:30:00,265.13,32.08,37.87
2020-04-08 13:30:00,274.03,34.22,41.3
2020-04-09 13:30:00,278.2,33.91,41.5
2020-04-13 13:30:00,275.66,33.8,41.9
2020-04-14 13:30:00,283.79,33.64,41.4
2020-04-15 13:30:00,277.76,32.06,40.3
2020-04-16 13:30:00,279.1,30.69,38.47
2020-04-17 13:30:00,286.64,33.95,42.36
2020-04-20 13:30:00,281.59,32.89,43.01
2020-04-21 13:30:00,273.04,32.31,43.59
2020-04-22 13:30:00,279.1,33.46,44.82
2020-04-23 13:30:00,279.08,34.54,46.58
2020-04-24 13:30:00,282.97,34.62,47.0
2020-04-27 13:30:00,287.05,35.37,48.03
2020-04-28 13:30:00,285.73,36.18,48.48
2020-04-29 13:30:00,293.21,38.86,53.73
2020-04-30 13:30:00,290.48,38.0,54.36
2020-05-01 13:30:00,282.79,35.85,50.01
2020-05-04 13:30:00,283.57,37.09,52.59
2020-05-05 13:30:00,286.19,37.12,51.75
2020-05-06 13:30:00,284.25,36.15,49.91
2020-05-07 13:30:00,287.68,37.09,50.65
2020-05-08 13:30:00,292.44,38.78,53.59
2020-05-11 13:30:00,292.5,38.1,52.43
2020-05-12 13:30:00,286.67,37.43,51.39
2020-05-13 13:30:00,281.6,35.73,47.97
2020-05-14 13:30:00,284.97,36.13,47.63
2020-05-15 13:30:00,286.28,35.99,47.94
2020-05-18 13:30:00,295.0,38.93,52.94
2020-05-19 13:30:00,291.97,37.84,51.37
2020-05-20 13:30:00,296.93,39.35,53.14
2020-05-21 13:30:00,294.88,38.72,52.73
2020-05-22 13:30:00,295.44,38.48,52.83
2020-05-26 13:30:00,299.08,39.55,54.98
2020-05-27 13:30:00,303.53,40.06,55.17
2020-05-28 13:30:00,302.97,38.94,52.78
2020-05-29 13:30:00,304.32,38.76,51.88
2020-06-01 13:30:00,305.55,39.44,53.39
2020-06-02 13:30:00,308.08,40.54,55.25
2020-06-03 13:30:00,312.18,41.73,56.33
2020-06-04 13:30:00,311.36,41.74,57.0
2020-06-05 13:30:00,319.34,44.84,63.72
2020-06-08 13:30:00,323.2,46.86,71.82
2020-06-09 13:30:00,320.79,45.1,66.61
2020-06-10 13:30:00,319.0,42.88,61.75
2020-06-11 13:30:00,300.61,38.84,55.9
2020-06-12 13:30:00,304.21,39.82,58.03
2020-06-15 13:30:00,307.05,39.94,58.56
2020-06-16 13:30:00,312.96,41.09,60.19
2020-06-17 13:30:00,311.66,39.69,57.37
2020-06-18 13:30:00,311.78,40.18,57.65
2020-06-19 13:30:00,308.64,39.57,56.08
2020-06-22 13:30:00,310.62,39.25,55.33
2020-06-23 13:30:00,312.05,39.29,55.15
2020-06-24 13:30:00,304.09,37.11,51.19
2020-06-25 13:30:00,307.35,37.82,52.25
2020-06-26 13:30:00,300.05,36.51,49.74
2020-06-29 13:30:00,304.46,37.0,50.78
2020-06-30 13:30:00,308.36,37.85,52.18
2020-07-01 13:30:00,310.52,36.93,50.66
2020-07-02 13:30:00,312.23,37.34,51.96
2020-07-06 13:30:00,317.05,37.45,52.07
2020-07-07 13:30:00,313.78,36.26,50.26
2020-07-08 13:30:00,316.18,36.23,50.31
2020-07-09 13:30:00,314.38,34.44,47.68
2020-07-10 13:30:00,317.59,35.54,49.41
2020-07-13 13:30:00,314.84,35.35,48.33
2020-07-14 13:30:00,318.92,36.59,50.39
2020-07-15 13:30:00,321.85,37.38,51.89
2020-07-16 13:30:00,320.79,37.21,51.76
2020-07-17 13:30:00,321.72,36.69,50.61
2020-07-20 13:30:00,324.32,36.08,50.19
2020-07-21 13:30:00,325.01,38.26,53.68
2020-07-22 13:30:00,326.86,37.79,53.11
2020-07-23 13:30:00,322.96,37.72,53.13
2020-07-24 13:30:00,320.88,37.51,52.78
2020-07-27 13:30:00,323.22,37.55,51.82
2020-07-28 13:30:00,321.17,36.91,51.07
2020-07-29 13:30:00,325.12,37.68,52.76
2020-07-30 13:30:00,323.96,36.2,51.41
2020-07-31 13:30:00,326.52,36.03,51.37
2020-08-03 13:30:00,328.79,36.16,51.94
2020-08-04 13:30:00,330.06,37.04,52.92
2020-08-05 13:30:00,332.11,37.43,54.04
2020-08-06 13:30:00,334.33,37.13,53.2
2020-08-07 13:30:00,334.57,37.18,54.13
2020-08-10 13:30:00,335.57,38.33,56.13
2020-08-11 13:30:00,332.8,38.2,55.21
2020-08-12 13:30:00,337.44,38.58,56.19
2020-08-13 13:30:00,336.83,37.83,54.91
2020-08-14 13:30:00,336.84,38.19,56.16
2020-08-17 13:30:00,337.91,37.97,55.84
2020-08-18 13:30:00,338.64,37.49,54.75
2020-08-19 13:30:00,337.23,37.06,54.37
2020-08-20 13:30:00,338.28,36.26,52.54
2020-08-21 13:30:00,339.48,36.03,51.74
2020-08-24 13:30:00,342.92,37.02,53.31
2020-08-25 13:30:00,344.12,36.5,53.56
2020-08-26 13:30:00,347.57,35.73,51.84
2020-08-27 13:30:00,348.33,35.8,52.31
2020-08-28 13:30:00,350.58,36.44,53.01
2020-08-31 13:30:00,349.31,35.65,51.46
2020-09-01 13:30:00,352.6,35.41,51.28
2020-09-02 13:30:00,357.7,35.24,49.93
2020-09-03 13:30:00,345.39,34.98,49.5
2020-09-04 13:30:00,342.57,34.87,49.45
2020-09-08 13:30:00,333.21,33.6,46.61
2020-09-09 13:30:00,339.79,33.83,47.1
2020-09-10 13:30:00,333.89,32.59,44.45
2020-09-11 13:30:00,334.06,32.62,44.61
2020-09-14 13:30:00,338.46,32.87,45.43
2020-09-15 13:30:00,340.17,32.63,45.23
2020-09-16 13:30:00,338.82,33.94,47.45
2020-09-17 13:30:00,335.84,33.99,47.54
2020-09-18 13:30:00,330.65,33.61,47.52
2020-09-21 13:30:00,326.97,31.97,45.32
2020-09-22 13:30:00,330.3,31.64,44.95
2020-09-23 13:30:00,322.64,30.21,42.6
2020-09-24 13:30:00,323.5,30.2,42.9
2020-09-25 13:30:00,328.73,30.18,42.39
2020-09-28 13:30:00,334.19,30.89,43.76
2020-09-29 13:30:00,332.37,30.04,42.45
2020-09-30 13:30:00,334.89,29.95,42.07
2020-10-01 13:30:00,337.04,29.03,40.67
2020-10-02 13:30:00,333.84,29.31,41.62
2020-10-05 13:30:00,339.76,30.19,43.49
2020-10-06 13:30:00,334.93,29.74,42.46
2020-10-07 13:30:00,340.76,30.16,43.66
2020-10-08 13:30:00,343.78,31.29,45.55
2020-10-09 13:30:00,346.85,30.79,44.85
2020-10-12 13:30:00,352.43,30.87,44.95
2020-10-13 13:30:00,350.13,30.39,43.88
2020-10-14 13:30:00,347.93,30.52,44.09
2020-10-15 13:30:00,347.5,30.89,45.02
2020-10-16 13:30:00,347.29,30.19,43.56
2020-10-19 13:30:00,342.01,29.55,42.67
2020-10-20 13:30:00,343.38,29.9,43.58
2020-10-21 13:30:00,342.73,29.33,42.54
2020-10-22 13:30:00,344.61,30.54,44.77
2020-10-23 13:30:00,345.78,30.39,44.92
2020-10-26 13:30:00,339.39,29.3,42.54
2020-10-27 13:30:00,338.22,28.92,42.02
2020-10-28 13:30:00,326.66,27.71,39.65
2020-10-29 13:30:00,329.98,28.56,40.66
2020-10-30 13:30:00,326.54,28.72,40.58
2020-11-02 14:30:00,330.2,29.7,42.15
2020-11-03 14:30:00,336.03,29.53,41.8
2020-11-04 14:30:00,343.54,29.57,41.65
2020-11-05 14:30:00,350.24,29.57,41.88
2020-11-06 14:30:00,350.16,28.93,40.59
2020-11-09 14:30:00,354.56,33.06,47.16
2020-11-10 14:30:00,354.04,34.13,48.64
2020-11-11 14:30:00,356.67,33.78,48.28
2020-11-12 14:30:00,353.21,32.69,46.34
2020-11-13 14:30:00,358.1,33.88,48.86
2020-11-16 14:30:00,362.57,36.11,51.62
2020-11-17 14:30:00,360.62,36.48,52.46
2020-11-18 14:30:00,356.28,35.42,51.33
2020-11-19 14:30:00,357.78,36.0,52.57
2020-11-20 14:30:00,355.33,35.81,52.06
2020-11-23 14:30:00,357.46,38.34,56.7
2020-11-24 14:30:00,363.22,40.31,59.62
2020-11-25 14:30:00,362.66,39.37,58.72
2020-11-27 14:30:00,363.67,38.91,57.88
2020-11-30 14:30:00,362.06,36.76,54.06
2020-12-01 14:30:00,366.02,36.93,53.8
2020-12-02 14:30:00,366.79,38.13,55.54
2020-12-03 14:30:00,366.69,38.53,56.25
2020-12-04 14:30:00,369.85,40.63,61.0
2020-12-07 14:30:00,369.09,39.68,58.97
2020-12-08 14:30:00,370.17,40.27,59.87
2020-12-09 14:30:00,366.85,40.36,60.3
2020-12-10 14:30:00,366.73,41.6,63.7
2020-12-11 14:30:00,366.3,41.12,62.48
2020-12-14 14:30:00,364.66,39.68,59.95
2020-12-15 14:30:00,369.59,40.46,61.23
2020-12-16 14:30:00,370.17,40.26,60.41
2020-12-17 14:30:00,372.24,40.07,60.41
2020-12-18 14:30:00,369.18,39.4,59.62
2020-12-21 14:30:00,367.86,38.13,58.29
2020-12-22 14:30:00,367.24,37.49,57.29
2020-12-23 14:30:00,367.57,38.32,59.87
2020-12-24 14:30:00,369.0,38.12,59.0
2020-12-28 14:30:00,372.17,37.88,57.92
2020-12-29 14:30:00,371.46,37.63,57.39
2020-12-30 14:30:00,371.99,38.22,59.32
2020-12-31 14:30:00,373.88,37.9,58.5
2021-01-04 14:30:00,368.79,37.96,59.03
2021-01-05 14:30:00,371.33,39.66,62.82
2021-01-06 14:30:00,373.55,40.87,65.26
2021-01-07 14:30:00,379.1,41.47,66.53
2021-01-08 14:30:00,381.26,41.42,65.5
2021-01-11 14:30:00,378.69,42.07,66.88
2021-01-12 14:30:00,378.77,43.54,70.62
2021-01-13 14:30:00,379.79,43.2,69.34
2021-01-14 14:30:00,378.46,44.48,71.71
2021-01-15 14:30:00,375.7,42.75,69.27
2021-01-19 14:30:00,378.65,43.61,70.5
2021-01-20 14:30:00,383.89,43.77,70.11
2021-01-21 14:30:00,384.24,42.29,67.75
2021-01-22 14:30:00,382.88,42.07,68.05
2021-01-25 14:30:00,384.39,41.64,67.84
2021-01-26 14:30:00,383.79,40.75,66.06
2021-01-27 14:30:00,374.41,40.2,66.84
2021-01-28 14:30:00,377.63,40.67,66.75
2021-01-29 14:30:00,370.07,39.32,64.32
2021-02-01 14:30:00,376.23,39.6,65.6
2021-02-02 14:30:00,381.55,40.03,65.95
2021-02-03 14:30:00,381.85,41.74,69.56
2021-02-04 14:30:00,386.19,42.2,69.8
2021-02-05 14:30:00,387.71,42.56,70.01
2021-02-08 14:30:00,390.51,44.34,74.51
2021-02-09 14:30:00,390.25,43.87,73.22
2021-02-10 14:30:00,390.08,44.71,74.9
2021-02-11 14:30:00,390.71,44.02,73.51
2021-02-12 14:30:00,392.64,44.67,75.63
2021-02-16 14:30:00,392.3,45.79,78.17
2021-02-17 14:30:00,392.39,46.47,79.05
2021-02-18 14:30:00,390.72,45.42,75.58
2021-02-19 14:30:00,390.03,46.18,77.54
2021-02-22 14:30:00,387.03,47.78,79.93
2021-02-23 14:30:00,387.5,48.57,81.65
2021-02-24 14:30:00,391.77,50.29,84.86
2021-02-25 14:30:00,382.33,49.32,82.35
2021-02-26 14:30:00,380.36,48.15,80.51
2021-03-01 14:30:00,389.58,49.4,82.78
2021-03-02 14:30:00,386.54,49.13,82.13
2021-03-03 14:30:00,381.42,49.85,83.8
2021-03-04 14:30:00,376.7,51.04,86.59
2021-03-05 14:30:00,383.63,52.95,90.0
2021-03-08 14:30:00,381.72,53.05,88.68
2021-03-09 14:30:00,387.17,52.12,86.3
2021-03-10 14:30:00,389.58,53.44,89.39
2021-03-11 14:30:00,393.53,53.46,91.11
2021-03-12 14:30:00,394.06,53.57,90.44
2021-03-15 13:30:00,396.41,52.96,89.86
2021-03-16 13:30:00,395.91,51.45,87.11
2021-03-17 13:30:00,397.26,51.85,87.5
2021-03-18 13:30:00,391.48,49.52,81.6
2021-03-19 13:30:00,389.48,49.53,83.75
2021-03-22 13:30:00,392.59,48.54,82.23
2021-03-23 13:30:00,389.5,47.83,78.29
2021-03-24 13:30:00,387.52,49.03,79.46
2021-03-25 13:30:00,389.7,49.21,80.81
2021-03-26 13:30:00,395.98,50.43,83.32
2021-03-29 13:30:00,395.78,49.83,80.88
2021-03-30 13:30:00,394.73,49.4,80.75
2021-03-31 13:30:00,396.33,49.06,81.34
2021-04-01 13:30:00,400.61,50.31,85.56
2021-04-05 13:30:00,406.36,49.11,81.43
2021-04-06 13:30:00,406.12,48.98,82.0
2021-04-07 13:30:00,406.59,49.15,81.81
2021-04-08 13:30:00,408.52,48.51,80.05
2021-04-09 13:30:00,411.49,48.19,78.49
2021-04-12 13:30:00,411.64,47.81,76.59
2021-04-13 13:30:00,412.86,47.86,76.8
2021-04-14 13:30:00,411.45,49.19,80.04
2021-04-15 13:30:00,415.87,48.79,78.81
2021-04-16 13:30:00,417.26,48.4,77.51
2021-04-19 13:30:00,415.21,48.35,77.49
2021-04-20 13:30:00,412.17,47.07,74.0
2021-04-21 13:30:00,416.07,47.67,75.47
2021-04-22 13:30:00,412.27,47.11,74.84
2021-04-23 13:30:00,416.74,47.54,75.88
2021-04-26 13:30:00,417.61,47.86,77.78
2021-04-27 13:30:00,417.52,48.44,79.26
2021-04-28 13:30:00,417.4,50.11,82.65
2021-04-29 13:30:00,420.06,50.67,82.59
2021-04-30 13:30:00,417.3,49.39,80.2
2021-05-03 13:30:00,418.2,50.75,82.94
2021-05-04 13:30:00,415.62,50.78,82.82
2021-05-05 13:30:00,415.75,52.42,85.02
2021-05-06 13:30:00,419.07,52.69,84.53
2021-05-07 13:30:00,422.12,53.63,86.65
2021-05-10 13:30:00,417.94,53.65,85.57
2021-05-11 13:30:00,414.21,52.27,84.54
2021-05-12 13:30:00,405.41,52.52,84.22
2021-05-13 13:30:00,410.28,51.88,81.59
2021-05-14 13:30:00,416.58,53.49,86.36
2021-05-17 13:30:00,415.52,54.73,89.7
2021-05-18 13:30:00,411.94,53.46,88.31
2021-05-19 13:30:00,410.86,52.13,86.46
2021-05-20 13:30:00,415.28,52.05,86.08
2021-05-21 13:30:00,414.94,52.16,86.61
2021-05-24 13:30:00,419.17,52.68,87.63
2021-05-25 13:30:00,418.24,51.61,85.3
2021-05-26 13:30:00,419.07,52.07,87.67
2021-05-27 13:30:00,419.29,52.11,89.04
2021-05-28 13:30:00,420.04,52.21,89.07
2021-06-01 13:30:00,419.67,54.22,94.83
2021-06-02 13:30:00,420.33,55.23,96.35
2021-06-03 13:30:00,418.77,55.38,96.45
2021-06-04 13:30:00,422.6,55.75,96.42
2021-06-07 13:30:00,422.19,55.51,97.35
2021-06-08 13:30:00,422.28,55.99,98.3
2021-06-09 13:30:00,421.65,55.64,97.76
2021-06-10 13:30:00,423.61,55.57,96.71
2021-06-11 13:30:00,424.31,55.38,97.36
2021-06-14 13:30:00,425.26,55.14,96.29
2021-06-15 13:30:00,424.48,56.19,97.97
2021-06-16 13:30:00,422.11,55.89,97.45
2021-06-17 13:30:00,421.97,53.99,93.02
2021-06-18 13:30:00,414.92,52.39,91.01
2021-06-21 13:30:00,420.86,54.07,95.37
2021-06-22 13:30:00,423.11,54.43,95.9
2021-06-23 13:30:00,422.6,54.58,97.03
2021-06-24 13:30:00,425.1,55.05,98.58
2021-06-25 13:30:00,426.61,55.34,99.75
2021-06-28 13:30:00,427.47,53.47,95.4
2021-06-29 13:30:00,427.7,53.21,94.89
2021-06-30 13:30:00,428.06,53.87,96.69
2021-07-01 13:30:00,430.43,54.81,98.98
2021-07-02 13:30:00,433.72,54.69,97.19
2021-07-06 13:30:00,432.93,52.91,93.23
2021-07-07 13:30:00,434.46,52.05,91.07
2021-07-08 13:30:00,430.92,51.75,91.58
2021-07-09 13:30:00,435.52,52.85,93.89
2021-07-12 13:30:00,437.08,52.77,93.21
2021-07-13 13:30:00,435.59,52.37,92.03
2021-07-14 13:30:00,436.24,50.81,87.48
2021-07-15 13:30:00,434.75,50.1,85.72
2021-07-16 13:30:00,431.34,48.68,82.32
2021-07-19 13:30:00,424.97,46.96,78.96
2021-07-20 13:30:00,431.06,47.59,80.86
2021-07-21 13:30:00,434.55,49.25,84.75
2021-07-22 13:30:00,435.46,48.7,83.03
2021-07-23 13:30:00,439.94,48.52,82.18
2021-07-26 13:30:00,441.02,49.72,84.7
2021-07-27 13:30:00,439.01,49.26,82.08
2021-07-28 13:30:00,438.83,49.71,83.91
2021-07-29 13:30:00,440.65,50.19,83.79
2021-07-30 13:30:00,438.51,49.39,82.8
2021-08-02 13:30:00,437.59,49.02,81.15
2021-08-03 13:30:00,441.15,49.86,82.82
2021-08-04 13:30:00,438.98,48.51,79.1
2021-08-05 13:30:00,441.76,49.06,81.22
2021-08-06 13:30:00,442.49,49.51,82.13
2021-08-09 13:30:00,442.13,48.81,80.77
2021-08-10 13:30:00,442.68,49.67,83.0
2021-08-11 13:30:00,443.78,50.06,83.3
2021-08-12 13:30:00,445.11,50.01,83.05
2021-08-13 13:30:00,445.92,49.42,80.23
2021-08-16 13:30:00,446.97,48.51,77.88
2021-08-17 13:30:00,444.04,48.01,77.34
2021-08-18 13:30:00,439.18,47.01,75.17
2021-08-19 13:30:00,439.86,45.79,72.88
2021-08-20 13:30:00,443.36,45.89,73.17
2021-08-23 13:30:00,447.26,47.61,76.87
2021-08-24 13:30:00,447.97,48.4,79.17
2021-08-25 13:30:00,448.91,48.77,80.59
2021-08-26 13:30:00,446.26,48.03,79.22
2021-08-27 13:30:00,450.25,49.31,83.4
2021-08-30 13:30:00,452.23,48.73,82.02
2021-08-31 13:30:00,451.56,48.4,82.65
2021-09-01 13:30:00,451.8,47.69,82.03
2021-09-02 13:30:00,453.19,48.9,84.76
2021-09-03 13:30:00,453.08,48.62,84.52
2021-09-07 13:30:00,451.46,48.33,84.28
2021-09-08 13:30:00,450.91,47.71,83.31
2021-09-09 13:30:00,448.98,47.81,84.35
2021-09-10 13:30:00,445.44,47.79,83.67
2021-09-13 13:30:00,446.58,49.16,87.12
2021-09-14 13:30:00,444.17,48.45,84.94
2021-09-15 13:30:00,447.88,50.26,89.93
2021-09-16 13:30:00,447.17,49.69,88.76
2021-09-17 13:30:00,441.4,49.32,87.95
2021-09-20 13:30:00,434.04,47.24,84.4
2021-09-21 13:30:00,433.63,47.35,84.59
2021-09-22 13:30:00,437.86,48.81,87.72
2021-09-23 13:30:00,443.18,50.52,91.54
2021-09-24 13:30:00,443.91,50.9,92.05
2021-09-27 13:30:00,442.64,52.71,98.68
2021-09-28 13:30:00,433.72,52.89,97.35
2021-09-29 13:30:00,434.45,52.89,97.03
2021-09-30 13:30:00,429.14,52.09,96.72
2021-10-01 13:30:00,434.24,53.84,99.24
2021-10-04 13:30:00,428.64,54.72,101.76
2021-10-05 13:30:00,433.1,55.04,102.37
2021-10-06 13:30:00,434.9,54.46,100.09
2021-10-07 13:30:00,438.66,54.88,102.79
2021-10-08 13:30:00,437.86,56.57,105.37
2021-10-11 13:30:00,434.69,56.36,105.01
2021-10-12 13:30:00,433.62,56.41,104.68
2021-10-13 13:30:00,435.18,56.36,104.24
2021-10-14 13:30:00,442.5,57.05,105.81
2021-10-15 13:30:00,445.87,57.33,105.21
2021-10-18 13:30:00,447.19,57.37,105.76
2021-10-19 13:30:00,450.64,58.02,106.61
2021-10-20 13:30:00,452.41,58.49,107.96
2021-10-21 13:30:00,453.59,57.41,105.63
2021-10-22 13:30:00,453.12,57.95,107.58
2021-10-25 13:30:00,455.55,58.8,110.69
2021-10-26 13:30:00,455.96,59.14,110.52
2021-10-27 13:30:00,453.94,57.44,105.83
2021-10-28 13:30:00,458.32,57.85,107.03
2021-10-29 13:30:00,459.25,57.47,106.36
2021-11-01 13:30:00,460.04,58.46,109.58
2021-11-02 13:30:00,461.9,57.91,108.42
2021-11-03 13:30:00,464.72,57.43,107.41
2021-11-04 13:30:00,466.91,57.51,106.77
2021-11-05 13:30:00,468.53,58.26,109.71
2021-11-08 14:30:00,468.93,58.79,111.47
2021-11-09 14:30:00,467.38,59.03,111.25
2021-11-10 14:30:00,463.62,57.47,106.04
2021-11-11 14:30:00,463.77,57.69,107.66
2021-11-12 14:30:00,467.27,57.55,107.42
2021-11-15 14:30:00,467.43,58.03,108.15
2021-11-16 14:30:00,469.28,58.12,107.56
2021-11-17 14:30:00,468.14,57.23,103.74
2021-11-18 14:30:00,469.73,56.89,103.96
2021-11-19 14:30:00,468.89,54.67,98.77
2021-11-22 14:30:00,467.57,55.64,100.33
2021-11-23 14:30:00,468.19,57.35,104.37
2021-11-24 14:30:00,469.44,57.91,105.74
2021-11-26 14:30:00,458.97,55.58,98.8
2021-11-29 14:30:00,464.6,55.9,100.03
2021-11-30 14:30:00,455.56,54.59,97.39
2021-12-01 14:30:00,450.5,54.01,93.53
2021-12-02 14:30:00,457.4,55.58,96.56
2021-12-03 14:30:00,453.42,55.14,95.13
2021-12-06 14:30:00,458.79,55.96,98.05
2021-12-07 14:30:00,468.28,57.27,101.99
2021-12-08 14:30:00,469.52,57.26,102.18
2021-12-09 14:30:00,466.35,56.82,100.35
2021-12-10 14:30:00,470.74,57.24,101.56
2021-12-13 14:30:00,466.57,55.65,96.99
2021-12-14 14:30:00,463.36,55.42,95.27
2021-12-15 14:30:00,470.6,55.15,95.65
2021-12-16 14:30:00,466.45,55.5,94.74
2021-12-17 14:30:00,459.87,54.37,93.61
2021-12-20 14:30:00,454.98,53.01,90.95
2021-12-21 14:30:00,463.06,54.52,95.24
2021-12-22 14:30:00,467.69,54.87,95.79
2021-12-23 14:30:00,470.6,54.9,95.43
2021-12-27 14:30:00,477.26,56.1,99.29
2021-12-28 14:30:00,476.87,56.06,98.43
2021-12-29 14:30:00,477.48,55.7,98.03
2021-12-30 14:30:00,476.16,55.36,96.19
