Date,Open,High,Low,Close,Volume
2017-01-03 14:30:00,225.04,225.83,223.8837,225.24,91366522.0
2017-01-04 14:30:00,225.62,226.75,225.61,226.58,78744433.0
2017-01-05 14:30:00,226.27,226.58,225.48,226.4,78379012.0
2017-01-06 14:30:00,226.53,227.75,225.9,227.21,71559922.0
2017-01-09 14:30:00,226.91,227.0701,226.4163,226.46,46939676.0
2017-01-10 14:30:00,226.48,227.45,226.01,226.46,63771939.0
2017-01-11 14:30:00,226.36,227.1,225.59,227.1,74650016.0
2017-01-12 14:30:00,226.5,226.75,224.955,226.53,72113181.0
2017-01-13 14:30:00,226.73,227.4,226.69,227.05,62717865.0
2017-01-17 14:30:00,226.31,226.78,225.8,226.25,61240814.0
2017-01-18 14:30:00,226.535,226.8,225.9,226.75,54793302.0
2017-01-19 14:30:00,226.84,227.0,225.41,225.91,66608787.0
2017-01-20 14:30:00,226.7,227.31,225.9719,226.74,129168623.0
2017-01-23 14:30:00,226.35,226.805,225.27,226.15,75061645.0
2017-01-24 14:30:00,226.4,228.08,226.27,227.6,95555295.0
2017-01-25 14:30:00,228.7,229.57,228.51,229.57,84437712.0
2017-01-26 14:30:00,229.4,229.71,229.01,229.33,59970719.0
2017-01-27 14:30:00,229.42,229.59,228.76,228.97,59711118.0
2017-01-30 14:30:00,228.17,228.2,226.41,227.55,79737252.0
2017-01-31 14:30:00,226.98,227.6,226.32,227.53,75880805.0
2017-02-01 14:30:00,228.255,228.59,226.94,227.62,79117651.0
2017-02-02 14:30:00,227.2,228.1,226.82,227.77,69657560.0
2017-02-03 14:30:00,228.82,229.55,228.46,229.34,80563168.0
2017-02-06 14:30:00,228.87,229.326,228.54,228.93,57790108.0
2017-02-07 14:30:00,229.38,229.6556,228.72,228.94,57931151.0
2017-02-08 14:30:00,228.61,229.39,228.31,229.24,51566218.0
2017-02-09 14:30:00,229.56,230.95,229.52,230.6,65955245.0
2017-02-10 14:30:00,231.0,231.77,230.6216,231.51,66015892.0
2017-02-13 14:30:00,232.08,233.07,232.05,232.77,55182050.0
2017-02-14 14:30:00,232.56,233.71,232.16,233.7,71108983.0
2017-02-15 14:30:00,233.45,235.14,233.39,234.92,86785826.0
2017-02-16 14:30:00,234.96,235.155,233.85,234.72,84722437.0
2017-02-17 14:30:00,233.95,235.09,233.93,235.09,77204104.0
2017-02-21 14:30:00,235.52,236.69,235.51,236.49,88946051.0
2017-02-22 14:30:00,236.02,236.54,235.83,236.28,62115185.0
2017-02-23 14:30:00,236.88,236.9,235.56,236.44,74615902.0
2017-02-24 14:30:00,235.46,236.7932,235.41,236.74,82381612.0
2017-02-27 14:30:00,236.64,237.31,236.35,237.11,56515440.0
2017-02-28 14:30:00,236.67,236.95,236.015,236.47,96961938.0
2017-03-01 14:30:00,238.39,240.32,238.37,239.78,149158170.0
2017-03-02 14:30:00,239.56,239.57,238.21,238.27,70245978.0
2017-03-03 14:30:00,238.17,238.61,237.73,238.42,81974300.0
2017-03-06 14:30:00,237.5,238.12,237.01,237.71,55391533.0
2017-03-07 14:30:00,237.36,237.77,236.76,237.0,65103737.0
2017-03-08 14:30:00,237.34,237.64,236.4,236.56,78168795.0
2017-03-09 14:30:00,236.7,237.24,235.74,236.86,90683918.0
2017-03-10 14:30:00,237.97,238.02,236.59,237.69,81991652.0
2017-03-13 13:30:00,237.62,237.86,237.24,237.81,57256824.0
2017-03-14 13:30:00,237.18,237.24,236.19,236.9,59880778.0
2017-03-15 13:30:00,237.56,239.44,237.29,238.95,96081750.0
2017-03-16 13:30:00,239.11,239.2,238.1,238.48,78343951.0
2017-03-17 13:30:00,237.75,237.97,237.03,237.03,89002111.0
2017-03-20 13:30:00,237.03,237.36,236.32,236.77,52536979.0
2017-03-21 13:30:00,237.47,237.61,233.58,233.73,131809275.0
2017-03-22 13:30:00,233.77,234.61,233.05,234.28,97569204.0
2017-03-23 13:30:00,234.0,235.34,233.6,234.03,100410277.0
2017-03-24 13:30:00,234.38,235.04,232.96,233.86,112504853.0
2017-03-27 13:30:00,231.93,233.92,231.61,233.62,87454452.0
2017-03-28 13:30:00,233.27,235.81,233.14,235.32,93483915.0
2017-03-29 13:30:00,234.99,235.81,234.725,235.54,60786374.0
2017-03-30 13:30:00,235.47,236.52,235.27,236.29,56737890.0
2017-03-31 13:30:00,235.9,236.51,235.68,235.74,73733094.0
2017-04-03 13:30:00,235.8,236.03,233.91,235.33,85546486.0
2017-04-04 13:30:00,235.0,235.58,234.555,235.48,56466195.0
2017-04-05 13:30:00,236.26,237.39,234.54,234.78,108800604.0
2017-04-06 13:30:00,234.94,236.04,234.425,235.44,69135757.0
2017-04-07 13:30:00,235.15,236.0,234.64,235.2,74412311.0
2017-04-10 13:30:00,235.36,236.255,234.73,235.34,67615302.0
2017-04-11 13:30:00,234.9,235.18,233.34,235.06,88045276.0
2017-04-12 13:30:00,234.74,234.96,233.77,234.03,81864436.0
2017-04-13 13:30:00,233.64,234.49,232.51,232.51,92880394.0
2017-04-17 13:30:00,233.11,234.57,232.88,234.57,68405367.0
2017-04-18 13:30:00,233.72,234.49,233.08,233.87,83225821.0
2017-04-19 13:30:00,234.52,234.95,233.18,233.44,68699868.0
2017-04-20 13:30:00,234.15,235.845,233.78,235.34,92572186.0
2017-04-21 13:30:00,235.25,235.31,234.13,234.59,110389847.0
2017-04-24 13:30:00,237.18,237.41,236.61,237.17,119209877.0
2017-04-25 13:30:00,237.91,238.95,237.81,238.55,75050935.0
2017-04-26 13:30:00,238.51,239.53,238.35,238.4,84702455.0
2017-04-27 13:30:00,238.77,238.95,237.98,238.6,57410326.0
2017-04-28 13:30:00,238.9,238.93,237.93,238.08,63532845.0
2017-05-01 13:30:00,238.68,239.17,238.195,238.68,66882521.0
2017-05-02 13:30:00,238.84,238.98,238.3,238.77,57375732.0
2017-05-03 13:30:00,238.29,238.8775,237.7,238.48,73137731.0
2017-05-04 13:30:00,238.83,238.9225,237.78,238.76,61462732.0
2017-05-05 13:30:00,239.19,239.72,238.68,239.7,62001269.0
2017-05-08 13:30:00,239.75,239.92,239.17,239.66,48385730.0
2017-05-09 13:30:00,239.96,240.19,239.04,239.44,51363200.0
2017-05-10 13:30:00,239.39,239.87,239.15,239.87,54293799.0
2017-05-11 13:30:00,239.35,239.57,238.13,239.38,62358346.0
2017-05-12 13:30:00,239.09,239.4273,238.67,238.98,53912730.0
2017-05-15 13:30:00,239.47,240.44,239.45,240.3,61918937.0
2017-05-16 13:30:00,240.64,240.67,239.63,240.08,51241791.0
2017-05-17 13:30:00,238.1,238.64,235.75,235.82,172174107.0
2017-05-18 13:30:00,235.73,237.75,235.43,236.77,107047656.0
2017-05-19 13:30:00,237.33,239.08,237.27,238.31,115011373.0
2017-05-22 13:30:00,238.9,239.71,238.82,239.52,61010602.0
2017-05-23 13:30:00,239.95,240.24,239.51,240.05,48341683.0
2017-05-24 13:30:00,240.32,240.73,239.93,240.61,49181099.0
2017-05-25 13:30:00,241.2,242.08,240.96,241.76,64071661.0
2017-05-26 13:30:00,241.54,241.9,241.45,241.71,46629905.0
2017-05-30 13:30:00,241.34,241.79,241.16,241.5,35201897.0
2017-05-31 13:30:00,241.84,241.88,240.64,241.44,91796016.0
2017-06-01 13:30:00,241.97,243.38,241.64,243.36,68962024.0
2017-06-02 13:30:00,243.42,244.35,243.08,244.17,88666128.0
2017-06-05 13:30:00,243.97,244.3,243.76,243.99,44698825.0
2017-06-06 13:30:00,243.34,243.98,243.12,243.21,50375430.0
2017-06-07 13:30:00,243.6,243.92,242.83,243.66,54144311.0
2017-06-08 13:30:00,243.77,244.33,243.17,243.78,65950691.0
2017-06-09 13:30:00,244.09,245.01,241.95,243.41,132256362.0
2017-06-12 13:30:00,243.13,243.42,242.38,243.36,86108102.0
2017-06-13 13:30:00,243.98,244.61,243.5799,244.55,60066953.0
2017-06-14 13:30:00,244.86,244.87,243.29,244.24,78602311.0
2017-06-15 13:30:00,242.68,243.91,242.36,243.77,66464888.0
2017-06-16 13:30:00,242.77,242.83,241.6337,242.64,84553097.0
2017-06-19 13:30:00,243.59,244.73,243.48,244.66,65123802.0
2017-06-20 13:30:00,244.25,244.26,242.99,243.01,56906368.0
2017-06-21 13:30:00,243.42,243.59,242.41,242.95,55977569.0
2017-06-22 13:30:00,242.96,243.53,242.64,242.84,44148059.0
2017-06-23 13:30:00,242.91,243.51,242.47,243.13,66986801.0
2017-06-26 13:30:00,243.9,244.38,243.045,243.29,56700477.0
2017-06-27 13:30:00,243.04,243.38,241.31,241.33,82247666.0
2017-06-28 13:30:00,242.5,243.715,242.23,243.49,70042599.0
2017-06-29 13:30:00,243.66,243.72,239.955,241.35,106949719.0
2017-06-30 13:30:00,242.28,242.71,241.575,241.8,86820694.0
2017-07-03 13:30:00,242.88,243.38,242.21,242.21,39153806.0
2017-07-05 13:30:00,242.63,243.01,241.7,242.77,54427596.0
2017-07-06 13:30:00,241.89,242.03,240.34,240.55,66115317.0
2017-07-07 13:30:00,241.21,242.28,240.5645,242.11,57972268.0
2017-07-10 13:30:00,241.95,242.8,241.76,242.37,36663274.0
2017-07-11 13:30:00,242.16,242.55,240.85,242.19,50354614.0
2017-07-12 13:30:00,243.3,244.2,243.3,244.01,59610405.0
2017-07-13 13:30:00,244.02,244.55,243.76,244.42,39471637.0
2017-07-14 13:30:00,244.43,245.97,244.31,245.56,60262692.0
2017-07-17 13:30:00,245.47,245.91,245.33,245.53,33531917.0
2017-07-18 13:30:00,245.06,245.72,244.67,245.66,42742498.0
2017-07-19 13:30:00,246.02,247.0,246.01,246.99,51034260.0
2017-07-20 13:30:00,247.28,247.42,246.47,247.1,47135183.0
2017-07-21 13:30:00,246.44,246.91,246.18,246.88,88711019.0
2017-07-24 13:30:00,246.79,246.98,246.28,246.82,46622256.0
2017-07-25 13:30:00,247.68,247.8,247.16,247.42,54915591.0
2017-07-26 13:30:00,247.75,247.79,247.13,247.43,47575422.0
2017-07-27 13:30:00,247.96,248.0,245.68,247.2,70766568.0
2017-07-28 13:30:00,246.65,247.06,246.13,246.91,50088359.0
2017-07-31 13:30:00,247.37,247.48,246.53,246.77,65838659.0
2017-08-01 13:30:00,247.46,247.5,246.716,247.32,55050401.0
2017-08-02 13:30:00,247.47,247.6,246.37,247.44,47211216.0
2017-08-03 13:30:00,247.31,247.34,246.64,246.96,40855997.0
2017-08-04 13:30:00,247.52,247.79,246.97,247.41,60191838.0
2017-08-07 13:30:00,247.49,247.87,247.37,247.87,31995021.0
2017-08-08 13:30:00,247.51,248.91,246.83,247.26,61719353.0
2017-08-09 13:30:00,246.47,247.31,246.06,247.25,62632619.0
2017-08-10 13:30:00,246.29,246.44,243.7,243.76,120479470.0
2017-08-11 13:30:00,244.02,244.8,243.75,244.12,74869947.0
2017-08-14 13:30:00,245.59,246.79,245.55,246.54,73291919.0
2017-08-15 13:30:00,246.98,247.0,246.16,246.51,55242746.0
2017-08-16 13:30:00,247.11,247.57,246.45,246.94,56715544.0
2017-08-17 13:30:00,246.24,246.6,243.09,243.09,128490396.0
2017-08-18 13:30:00,242.9,244.189,242.2,242.71,136747986.0
2017-08-21 13:30:00,242.64,243.2,241.83,242.9,65469736.0
2017-08-22 13:30:00,243.57,245.62,243.55,245.44,63140101.0
2017-08-23 13:30:00,244.33,245.05,244.16,244.56,50203837.0
2017-08-24 13:30:00,245.0,245.18,243.75,243.99,50741671.0
2017-08-25 13:30:00,244.9,245.61,244.39,244.56,64445912.0
2017-08-28 13:30:00,245.17,245.2,244.09,244.57,40565606.0
2017-08-29 13:30:00,243.06,245.15,242.93,244.85,51135715.0
2017-08-30 13:30:00,244.83,246.32,244.62,246.01,62030805.0
2017-08-31 13:30:00,246.72,247.77,246.0473,247.49,103803880.0
2017-09-01 13:30:00,247.92,248.33,247.67,247.84,62006989.0
2017-09-05 13:30:00,247.26,247.52,244.95,246.06,91398777.0
2017-09-06 13:30:00,246.84,247.28,246.23,246.9,57916867.0
2017-09-07 13:30:00,247.25,247.27,246.4,246.87,58034730.0
2017-09-08 13:30:00,246.54,247.11,246.3,246.58,63832825.0
2017-09-11 13:30:00,248.04,249.3,248.02,249.21,71364848.0
2017-09-12 13:30:00,249.63,250.09,249.42,250.05,56896027.0
2017-09-13 13:30:00,249.72,250.21,249.59,250.17,59228002.0
2017-09-14 13:30:00,249.8,250.32,249.6,250.09,95446349.0
2017-09-15 13:30:00,248.69,249.29,248.57,249.19,95432382.0
2017-09-18 13:30:00,249.61,250.12,249.28,249.72,46235238.0
2017-09-19 13:30:00,250.0,250.07,249.6,249.97,47108148.0
2017-09-20 13:30:00,250.07,250.19,248.92,250.06,59574083.0
2017-09-21 13:30:00,249.88,249.98,249.185,249.39,48211398.0
2017-09-22 13:30:00,249.05,249.63,249.02,249.44,51214032.0
2017-09-25 13:30:00,249.15,249.5532,248.08,248.93,57064357.0
2017-09-26 13:30:00,249.42,249.7,248.805,249.08,54081959.0
2017-09-27 13:30:00,249.88,250.49,248.87,250.05,81001426.0
2017-09-28 13:30:00,249.73,250.44,249.63,250.35,44778841.0
2017-09-29 13:30:00,250.34,251.32,250.13,251.23,85578002.0
2017-10-02 13:30:00,251.49,252.32,251.2926,252.32,59022985.0
2017-10-03 13:30:00,252.46,252.89,252.23,252.86,66810169.0
2017-10-04 13:30:00,252.69,253.44,252.56,253.16,55953619.0
2017-10-05 13:30:00,253.54,254.68,253.196,254.66,63522757.0
2017-10-06 13:30:00,254.15,254.7008,253.85,254.37,80645998.0
2017-10-09 13:30:00,254.63,254.7,253.65,253.95,35803138.0
2017-10-10 13:30:00,254.6,255.05,253.98,254.62,43057363.0
2017-10-11 13:30:00,254.51,255.02,254.32,255.02,47674325.0
2017-10-12 13:30:00,254.66,255.06,254.365,254.64,47080269.0
2017-10-13 13:30:00,255.14,255.27,254.64,254.95,54800435.0
2017-10-16 13:30:00,255.21,255.51,254.82,255.29,38521675.0
2017-10-17 13:30:00,255.23,255.52,254.98,255.47,31560964.0
2017-10-18 13:30:00,255.9,255.95,255.5,255.72,40888330.0
2017-10-19 13:30:00,254.83,255.83,254.35,255.79,61903788.0
2017-10-20 13:30:00,256.7,257.14,255.7744,257.11,89176377.0
2017-10-23 13:30:00,257.48,257.51,256.02,256.11,63915306.0
2017-10-24 13:30:00,256.6,256.83,256.15,256.56,66935910.0
2017-10-25 13:30:00,256.18,256.31,254.0,255.29,103715291.0
2017-10-26 13:30:00,255.99,256.3,255.48,255.62,69797972.0
2017-10-27 13:30:00,256.47,257.89,255.6254,257.71,85562544.0
2017-10-30 13:30:00,257.07,257.6,256.41,256.75,54285687.0
2017-10-31 13:30:00,257.18,257.44,256.805,257.15,60304781.0
2017-11-01 13:30:00,258.04,258.43,257.07,257.49,54202736.0
2017-11-02 13:30:00,257.41,257.75,256.19,257.59,56449535.0
2017-11-03 13:30:00,257.77,258.5,257.3,258.45,59589730.0
2017-11-06 14:30:00,258.3,259.0,258.22,258.85,49652598.0
2017-11-07 14:30:00,258.97,259.35,258.09,258.67,57502161.0
2017-11-08 14:30:00,258.47,259.22,258.15,259.11,50469579.0
2017-11-09 14:30:00,257.73,258.39,256.36,258.17,95085497.0
2017-11-10 14:30:00,257.73,258.2926,257.37,258.09,59984662.0
2017-11-13 14:30:00,257.31,258.59,257.27,258.33,50228648.0
2017-11-14 14:30:00,257.41,257.85,256.52,257.73,61315152.0
2017-11-15 14:30:00,256.62,257.22,255.63,256.44,80811525.0
2017-11-16 14:30:00,257.52,259.04,257.4748,258.62,67777027.0
2017-11-17 14:30:00,258.22,258.5882,257.77,257.86,75756833.0
2017-11-20 14:30:00,258.14,258.525,257.86,258.3,48075514.0
2017-11-21 14:30:00,259.18,260.2,259.18,259.99,69176799.0
2017-11-22 14:30:00,260.0,260.15,259.57,259.76,45033392.0
2017-11-24 14:30:00,260.32,260.48,260.16,260.36,27746365.0
2017-11-27 14:30:00,260.41,260.75,260.0,260.23,52274922.0
2017-11-28 14:30:00,260.76,262.9,260.655,262.87,98971719.0
2017-11-29 14:30:00,263.02,263.63,262.2,262.71,77512102.0
2017-11-30 14:30:00,263.76,266.05,263.67,265.01,127894389.0
2017-12-01 14:30:00,264.76,265.31,260.76,264.46,164390902.0
2017-12-04 14:30:00,266.31,266.8,264.08,264.14,94040560.0
2017-12-05 14:30:00,264.43,265.15,263.04,263.19,77994544.0
2017-12-06 14:30:00,262.87,263.73,262.71,263.24,75898566.0
2017-12-07 14:30:00,263.09,264.43,262.94,264.07,77218569.0
2017-12-08 14:30:00,264.99,265.52,264.72,265.51,76563873.0
2017-12-11 14:30:00,265.58,266.38,265.4793,266.31,83077533.0
2017-12-12 14:30:00,266.57,267.32,266.345,266.78,85195750.0
2017-12-13 14:30:00,267.06,267.56,266.65,266.75,102905409.0
2017-12-14 14:30:00,267.09,267.22,265.6,265.66,100666692.0
2017-12-15 14:30:00,265.45,267.04,265.39,266.51,144610290.0
2017-12-18 14:30:00,268.1,268.6,267.98,268.2,83676072.0
2017-12-19 14:30:00,268.48,268.53,267.09,267.17,82382876.0
2017-12-20 14:30:00,268.27,268.33,266.69,267.03,76751500.0
2017-12-21 14:30:00,267.74,268.385,267.3,267.58,67032339.0
2017-12-22 14:30:00,267.6,267.635,266.9,267.51,78720873.0
2017-12-26 14:30:00,267.05,267.4377,266.885,267.19,45244433.0
2017-12-27 14:30:00,267.38,267.73,267.01,267.32,57750986.0
2017-12-28 14:30:00,267.89,267.92,267.45,267.87,45116139.0
2017-12-29 14:30:00,268.53,268.55,266.64,266.86,96007424.0
2018-01-02 14:30:00,267.84,268.81,267.4,268.77,86655749.0
2018-01-03 14:30:00,268.96,270.64,268.96,270.47,90070416.0
2018-01-04 14:30:00,271.2,272.16,270.5447,271.61,80636408.0
2018-01-05 14:30:00,272.51,273.56,271.95,273.42,83523995.0
2018-01-08 14:30:00,273.31,274.1,272.98,273.92,57319192.0
2018-01-09 14:30:00,274.4,275.25,274.081,274.54,57253957.0
2018-01-10 14:30:00,273.68,274.42,272.92,274.12,69574318.0
2018-01-11 14:30:00,274.75,276.12,274.56,276.12,62361455.0
2018-01-12 14:30:00,276.42,278.11,276.0819,277.92,90816076.0
2018-01-16 14:30:00,279.35,280.09,276.18,276.97,106555142.0
2018-01-17 14:30:00,278.03,280.05,276.97,279.61,113258799.0
2018-01-18 14:30:00,279.48,279.96,278.58,279.14,100728006.0
2018-01-19 14:30:00,279.8,280.41,279.14,280.41,140920098.0
2018-01-22 14:30:00,280.17,282.69,280.11,282.69,91322408.0
2018-01-23 14:30:00,282.74,283.62,282.37,283.29,97084700.0
2018-01-24 14:30:00,284.02,284.7,281.84,283.18,134816117.0
2018-01-25 14:30:00,284.16,284.27,282.405,283.3,84587313.0
2018-01-26 14:30:00,284.25,286.6285,283.96,286.58,107743119.0
2018-01-29 14:30:00,285.93,286.43,284.5,284.68,90118337.0
2018-01-30 14:30:00,282.6,284.736,281.22,281.76,131796419.0
2018-01-31 14:30:00,282.73,283.3,280.68,281.9,118948131.0
2018-02-01 14:30:00,281.07,283.06,280.68,281.58,90102470.0
2018-02-02 14:30:00,280.08,280.23,275.41,275.45,173174790.0
2018-02-05 14:30:00,273.45,275.85,263.31,263.93,294681820.0
2018-02-06 14:30:00,259.94,269.7,258.7,269.13,355026780.0
2018-02-07 14:30:00,268.5,272.36,267.58,267.67,167376100.0
2018-02-08 14:30:00,268.01,268.17,257.59,257.63,246449505.0
2018-02-09 14:30:00,260.8,263.61,252.92,261.5,283565310.0
2018-02-12 14:30:00,263.83,267.01,261.6644,265.34,143735976.0
2018-02-13 14:30:00,263.97,266.62,263.31,266.0,81223640.0
2018-02-14 14:30:00,264.31,270.0,264.3,269.59,120735685.0
2018-02-15 14:30:00,271.57,273.04,268.77,273.03,111200286.0
2018-02-16 14:30:00,272.32,275.32,272.27,273.11,160420135.0
2018-02-20 14:30:00,272.03,273.67,270.5,271.4,86369662.0
2018-02-21 14:30:00,271.9,274.72,269.94,270.05,98883740.0
2018-02-22 14:30:00,271.1,273.05,269.64,270.4,110511290.0
2018-02-23 14:30:00,271.79,274.71,271.25,274.71,92766428.0
2018-02-26 14:30:00,275.93,278.01,275.26,277.9,86491406.0
2018-02-27 14:30:00,278.11,278.92,274.36,274.43,99099165.0
2018-02-28 14:30:00,275.68,276.19,271.29,271.65,121907767.0
2018-03-01 14:30:00,271.41,273.17,266.0,267.7,176855077.0
2018-03-02 14:30:00,265.8,269.72,264.82,269.08,139083217.0
2018-03-05 14:30:00,267.73,272.89,267.61,272.19,97307387.0
2018-03-06 14:30:00,273.3,273.39,271.18,272.88,79213163.0
2018-03-07 14:30:00,270.42,273.18,270.2,272.78,87063502.0
2018-03-08 14:30:00,273.55,274.24,272.42,274.1,66901150.0
2018-03-09 14:30:00,275.7,278.87,275.34,278.87,113625335.0
2018-03-12 13:30:00,279.2,279.91,278.0801,278.52,71924793.0
2018-03-13 13:30:00,279.84,280.41,276.03,276.72,91968937.0
2018-03-14 13:30:00,277.81,278.02,274.67,275.3,105895079.0
2018-03-15 13:30:00,275.88,276.61,274.43,275.0,83433038.0
2018-03-16 13:30:00,274.5,275.39,274.14,274.2,100343673.0
2018-03-19 13:30:00,273.35,273.38,268.62,270.49,109208442.0
2018-03-20 13:30:00,270.94,271.67,270.18,270.95,59757271.0
2018-03-21 13:30:00,270.9,273.27,270.19,270.43,78709578.0
2018-03-22 13:30:00,267.91,268.87,263.36,263.67,148785916.0
2018-03-23 13:30:00,264.17,265.02,257.83,258.05,183534751.0
2018-03-26 13:30:00,262.13,265.43,259.41,265.11,141956102.0
2018-03-27 13:30:00,266.17,266.77,258.84,260.6,129941445.0
2018-03-28 13:30:00,260.75,262.64,258.58,259.83,146452306.0
2018-03-29 13:30:00,261.12,265.26,259.8389,263.15,124244790.0
2018-04-02 13:30:00,262.55,263.13,254.67,257.47,186286343.0
2018-04-03 13:30:00,258.87,261.31,256.84,260.77,119956861.0
2018-04-04 13:30:00,256.75,264.355,256.6,263.56,123715339.0
2018-04-05 13:30:00,265.55,266.64,264.32,265.64,82652618.0
2018-04-06 13:30:00,263.42,265.11,258.0,259.72,179521209.0
2018-04-09 13:30:00,261.37,264.84,259.9356,261.0,105442932.0
2018-04-10 13:30:00,264.27,266.04,262.98,265.15,105573736.0
2018-04-11 13:30:00,263.47,265.64,263.39,263.76,91140243.0
2018-04-12 13:30:00,265.26,267.0,265.06,265.93,68890480.0
2018-04-13 13:30:00,267.41,267.54,264.01,265.15,85079176.0
2018-04-16 13:30:00,267.0,268.2,266.07,267.33,63405287.0
2018-04-17 13:30:00,269.33,270.87,268.75,270.19,64682036.0
2018-04-18 13:30:00,270.69,271.3,269.87,270.39,57303857.0
2018-04-19 13:30:00,269.65,269.88,267.72,268.89,77655909.0
2018-04-20 13:30:00,268.81,269.06,265.61,266.61,99953133.0
2018-04-23 13:30:00,267.26,267.89,265.35,266.57,65557954.0
2018-04-24 13:30:00,267.73,267.9762,261.28,262.98,112885452.0
2018-04-25 13:30:00,262.91,264.13,260.85,263.63,103840948.0
2018-04-26 13:30:00,264.79,267.2452,264.29,266.31,67731942.0
2018-04-27 13:30:00,267.0,267.34,265.5,266.56,57053647.0
2018-04-30 13:30:00,267.26,267.89,264.43,264.51,82182324.0
2018-05-01 13:30:00,263.87,265.1,262.11,264.98,74203365.0
2018-05-02 13:30:00,264.76,265.68,262.76,263.2,86368943.0
2018-05-03 13:30:00,262.26,263.36,259.05,262.62,136311479.0
2018-05-04 13:30:00,261.52,266.7892,261.15,266.02,91222075.0
2018-05-07 13:30:00,266.89,268.02,266.11,266.92,55304907.0
2018-05-08 13:30:00,266.5,267.325,265.15,266.92,67499247.0
2018-05-09 13:30:00,267.68,269.865,267.09,269.5,59666143.0
2018-05-10 13:30:00,270.34,272.39,270.22,272.02,72063931.0
2018-05-11 13:30:00,272.16,273.15,271.58,272.85,59871511.0
2018-05-14 13:30:00,273.34,274.08,272.36,272.98,54790606.0
2018-05-15 13:30:00,271.59,271.61,270.03,271.1,87036036.0
2018-05-16 13:30:00,271.14,272.76,271.11,272.24,53942631.0
2018-05-17 13:30:00,271.94,273.23,271.13,272.01,56536400.0
2018-05-18 13:30:00,271.62,272.03,270.93,271.33,64367959.0
2018-05-21 13:30:00,273.01,273.98,271.3512,273.37,58025875.0
2018-05-22 13:30:00,273.96,274.25,272.24,272.61,52966358.0
2018-05-23 13:30:00,271.17,273.39,270.99,273.36,64694184.0
2018-05-24 13:30:00,272.91,273.22,270.78,272.8,76043827.0
2018-05-25 13:30:00,272.15,272.86,271.58,272.15,56374755.0
2018-05-29 13:30:00,270.31,271.17,267.76,269.02,115908607.0
2018-05-30 13:30:00,270.5,273.11,270.42,272.61,69678449.0
2018-05-31 13:30:00,272.15,272.49,270.255,270.94,93519941.0
2018-06-01 13:30:00,272.41,273.94,272.33,273.6,71258411.0
2018-06-04 13:30:00,274.53,275.185,274.26,274.9,45392351.0
2018-06-05 13:30:00,275.05,275.53,274.18,275.1,51135038.0
2018-06-06 13:30:00,275.79,277.52,275.09,277.4,62732215.0
2018-06-07 13:30:00,277.95,278.28,276.34,277.37,72969402.0
2018-06-08 13:30:00,276.85,278.25,276.66,278.19,72139719.0
2018-06-11 13:30:00,278.44,279.37,278.31,278.56,58892515.0
2018-06-12 13:30:00,279.03,279.33,278.19,278.92,72329028.0
2018-06-13 13:30:00,279.19,279.48,277.8,278.03,79070610.0
2018-06-14 13:30:00,279.01,279.33,278.0599,278.73,77097620.0
2018-06-15 13:30:00,276.6,277.51,275.35,277.13,120143175.0
2018-06-18 13:30:00,275.49,276.7,274.95,276.56,52917581.0
2018-06-19 13:30:00,274.0,275.75,273.53,275.5,97531510.0
2018-06-20 13:30:00,276.27,276.72,275.59,275.97,53785486.0
2018-06-21 13:30:00,275.96,275.98,273.68,274.24,71061404.0
2018-06-22 13:30:00,275.66,275.785,274.49,274.74,56612003.0
2018-06-25 13:30:00,273.44,273.6162,269.1,271.0,137854162.0
2018-06-26 13:30:00,271.64,272.56,270.79,271.6,68683211.0
2018-06-27 13:30:00,272.26,273.865,269.18,269.35,105110674.0
2018-06-28 13:30:00,269.29,271.75,268.49,270.89,76650517.0
2018-06-29 13:30:00,272.12,273.66,271.1495,271.28,97592499.0
2018-07-02 13:30:00,269.51,272.04,269.24,271.86,63554774.0
2018-07-03 13:30:00,272.87,272.98,270.42,270.9,42187071.0
2018-07-05 13:30:00,272.17,273.18,270.96,273.11,56925919.0
2018-07-06 13:30:00,273.14,275.84,272.715,275.42,66493696.0
2018-07-09 13:30:00,276.55,277.96,276.5,277.9,50550399.0
2018-07-10 13:30:00,278.41,279.01,278.08,278.9,51966829.0
2018-07-11 13:30:00,277.15,278.04,276.52,276.86,77054739.0
2018-07-12 13:30:00,278.28,279.43,277.6,279.37,60124687.0
2018-07-13 13:30:00,279.17,279.93,278.66,279.59,48234964.0
2018-07-16 13:30:00,279.64,279.803,278.84,279.34,48201038.0
2018-07-17 13:30:00,278.47,280.91,278.41,280.47,52315500.0
2018-07-18 13:30:00,280.56,281.18,280.06,281.06,44593465.0
2018-07-19 13:30:00,280.31,280.74,279.46,280.0,61412117.0
2018-07-20 13:30:00,279.77,280.48,279.5,279.68,82372729.0
2018-07-23 13:30:00,279.45,280.43,279.06,280.2,47047565.0
2018-07-24 13:30:00,281.79,282.56,280.63,281.61,68026935.0
2018-07-25 13:30:00,281.33,284.37,281.28,284.01,78882927.0
2018-07-26 13:30:00,283.2,284.11,283.09,283.34,57919495.0
2018-07-27 13:30:00,283.71,283.82,280.38,281.42,76783177.0
2018-07-30 13:30:00,281.51,281.69,279.36,279.95,63742508.0
2018-07-31 13:30:00,280.81,282.02,280.38,281.33,68570493.0
2018-08-01 13:30:00,281.56,282.13,280.1315,280.86,53853326.0
2018-08-02 13:30:00,279.39,282.58,279.16,282.39,63426363.0
2018-08-03 13:30:00,282.53,283.6577,282.33,283.6,53935386.0
2018-08-06 13:30:00,283.64,284.99,283.2015,284.64,39400887.0
2018-08-07 13:30:00,285.39,286.01,285.24,285.58,43196646.0
2018-08-08 13:30:00,285.39,285.91,284.94,285.46,42114551.0
2018-08-09 13:30:00,285.53,285.97,284.915,285.07,35716976.0
2018-08-10 13:30:00,283.45,284.055,282.36,283.16,77076044.0
2018-08-13 13:30:00,283.47,284.16,281.77,282.1,65732909.0
2018-08-14 13:30:00,282.92,284.17,282.4833,283.9,43842031.0
2018-08-15 13:30:00,282.38,282.54,280.16,281.78,102887320.0
2018-08-16 13:30:00,283.4,285.04,283.36,284.06,69967919.0
2018-08-17 13:30:00,283.83,285.5601,283.37,285.06,65618481.0
2018-08-20 13:30:00,285.57,285.97,285.06,285.67,39807490.0
2018-08-21 13:30:00,286.25,287.31,285.7135,286.34,67271983.0
2018-08-22 13:30:00,285.88,286.76,285.575,286.17,44993333.0
2018-08-23 13:30:00,285.97,286.94,285.43,285.79,49204851.0
2018-08-24 13:30:00,286.44,287.67,286.38,287.51,57487399.0
2018-08-27 13:30:00,288.86,289.9,288.68,289.78,57072377.0
2018-08-28 13:30:00,290.3,290.4175,289.4,289.92,46943472.0
2018-08-29 13:30:00,290.16,291.74,289.8854,291.48,61485514.0
2018-08-30 13:30:00,290.94,291.36,289.63,290.3,61229501.0
2018-08-31 13:30:00,289.84,290.81,289.29,290.31,66140838.0
2018-09-04 13:30:00,289.84,290.21,288.68,289.81,57594367.0
2018-09-05 13:30:00,289.41,289.64,287.89,289.03,72452437.0
2018-09-06 13:30:00,289.15,289.49,287.0,288.16,65909863.0
2018-09-07 13:30:00,286.98,288.7,286.71,287.6,73524824.0
2018-09-10 13:30:00,288.74,289.04,287.88,288.1,50210903.0
2018-09-11 13:30:00,287.37,289.55,286.975,289.05,50530492.0
2018-09-12 13:30:00,289.06,289.8,288.23,289.12,59810758.0
2018-09-13 13:30:00,290.32,291.0384,289.995,290.83,51034222.0
2018-09-14 13:30:00,291.06,291.27,290.0,290.88,55079875.0
2018-09-17 13:30:00,290.82,290.86,289.03,289.34,68244043.0
2018-09-18 13:30:00,289.58,291.58,289.55,290.91,61930407.0
2018-09-19 13:30:00,290.97,291.69,290.825,291.22,49080562.0
2018-09-20 13:30:00,292.64,293.94,291.2363,293.58,100360646.0
2018-09-21 13:30:00,293.09,293.22,291.81,291.99,105597145.0
2018-09-24 13:30:00,291.34,291.5,290.37,291.02,53409645.0
2018-09-25 13:30:00,291.53,291.65,290.4833,290.75,44370037.0
2018-09-26 13:30:00,290.91,292.24,289.41,289.88,79739674.0
2018-09-27 13:30:00,290.41,291.91,290.1,290.69,59249455.0
2018-09-28 13:30:00,289.99,291.28,289.95,290.72,70091385.0
2018-10-01 13:30:00,292.11,292.93,290.98,291.73,62078937.0
2018-10-02 13:30:00,291.56,292.355,291.14,291.56,47258227.0
2018-10-03 13:30:00,292.74,293.21,291.32,291.72,64694594.0
2018-10-04 13:30:00,291.18,291.24,287.66,289.44,111545910.0
2018-10-05 13:30:00,289.69,290.27,286.22,287.82,105961360.0
2018-10-08 13:30:00,287.05,288.22,285.5,287.82,87742172.0
2018-10-09 13:30:00,287.39,288.86,286.77,287.4,74338982.0
2018-10-10 13:30:00,286.83,286.91,277.88,278.3,214756170.0
2018-10-11 13:30:00,277.08,278.9,270.36,272.17,274840490.0
2018-10-12 13:30:00,276.77,277.09,272.37,275.95,183186492.0
2018-10-15 13:30:00,275.55,277.04,274.3,274.4,102263717.0
2018-10-16 13:30:00,276.6,280.82,276.07,280.4,118255834.0
2018-10-17 13:30:00,280.44,281.15,277.56,280.45,110625987.0
2018-10-18 13:30:00,279.4,280.07,274.97,276.4,134557525.0
2018-10-19 13:30:00,277.13,279.3,275.47,276.25,139901634.0
2018-10-22 13:30:00,277.0,277.36,274.41,275.01,82415812.0
2018-10-23 13:30:00,270.95,274.87,268.61,273.61,146352719.0
2018-10-24 13:30:00,273.33,273.76,264.7,265.32,177806697.0
2018-10-25 13:30:00,267.38,271.81,266.23,270.08,138061545.0
2018-10-26 13:30:00,265.92,271.0,262.29,265.33,201574596.0
2018-10-29 13:30:00,268.8,270.25,259.85,263.86,160749101.0
2018-10-30 13:30:00,263.67,268.12,263.12,267.77,157115995.0
2018-10-31 13:30:00,270.65,273.23,270.12,270.63,128296325.0
2018-11-01 13:30:00,271.6,273.73,270.38,273.51,99495037.0
2018-11-02 13:30:00,274.75,275.23,269.59,271.89,122634107.0
2018-11-05 14:30:00,272.44,274.01,271.35,273.39,65622482.0
2018-11-06 14:30:00,273.32,275.3,273.25,275.12,60085894.0
2018-11-07 14:30:00,277.56,281.1,277.08,281.01,102752099.0
2018-11-08 14:30:00,280.11,281.22,279.22,280.5,65584886.0
2018-11-09 14:30:00,279.03,279.24,276.18,277.76,98812561.0
2018-11-12 14:30:00,277.19,277.46,271.99,272.57,99673574.0
2018-11-13 14:30:00,273.09,275.325,271.25,272.06,98176610.0
2018-11-14 14:30:00,274.16,274.61,268.45,270.2,125335931.0
2018-11-15 14:30:00,268.78,273.54,267.0102,273.02,135101437.0
2018-11-16 14:30:00,271.79,274.75,271.21,273.73,126668040.0
2018-11-19 14:30:00,273.05,273.38,268.07,269.1,103061706.0
2018-11-20 14:30:00,265.36,267.0,263.15,264.12,136021311.0
2018-11-21 14:30:00,265.86,267.15,265.01,265.02,75563743.0
2018-11-23 14:30:00,263.18,264.8234,263.07,263.25,42807878.0
2018-11-26 14:30:00,265.78,267.75,265.34,267.5,79981362.0
2018-11-27 14:30:00,266.34,268.4,265.66,268.4,75502441.0
2018-11-28 14:30:00,269.6,274.58,268.3272,274.58,127629633.0
2018-11-29 14:30:00,273.71,275.55,272.43,273.98,82346420.0
2018-11-30 14:30:00,273.81,276.28,273.45,275.65,98204190.0
2018-12-03 14:30:00,280.28,280.4,277.505,279.3,103017719.0
2018-12-04 14:30:00,278.37,278.85,269.9,270.25,177986013.0
2018-12-06 14:30:00,265.92,269.97,262.44,269.84,204185411.0
2018-12-07 14:30:00,269.46,271.22,262.63,263.57,161018923.0
2018-12-10 14:30:00,263.37,265.1613,258.62,264.07,151445885.0
2018-12-11 14:30:00,267.66,267.87,262.48,264.13,121504431.0
2018-12-12 14:30:00,267.47,269.0,265.37,265.46,97976706.0
2018-12-13 14:30:00,266.52,267.49,264.12,265.37,96662717.0
2018-12-14 14:30:00,262.96,264.03,259.85,260.47,116961071.0
2018-12-17 14:30:00,259.4,260.65,253.525,255.36,165492257.0
2018-12-18 14:30:00,257.2,257.95,253.28,255.08,134515094.0
2018-12-19 14:30:00,255.17,259.4,249.35,251.26,214992763.0
2018-12-20 14:30:00,249.86,251.62,244.65,247.17,252053377.0
2018-12-21 14:30:00,246.74,249.71,239.98,240.7,255345633.0
2018-12-24 14:30:00,239.04,240.8355,234.27,234.34,147311588.0
2018-12-26 14:30:00,235.97,246.18,233.76,246.18,218485360.0
2018-12-27 14:30:00,242.57,248.29,238.96,248.07,186267342.0
2018-12-28 14:30:00,249.58,251.4,246.45,247.75,153100189.0
2018-12-31 14:30:00,249.56,250.19,247.47,249.92,144299370.0
2019-01-02 14:30:00,245.98,251.21,245.95,250.18,126925199.0
2019-01-03 14:30:00,248.23,248.57,243.67,244.21,144140692.0
2019-01-04 14:30:00,247.59,253.11,247.17,252.39,142628834.0
2019-01-07 14:30:00,252.69,255.95,251.69,254.38,103139100.0
2019-01-08 14:30:00,256.82,257.31,254.0,256.77,102512587.0
2019-01-09 14:30:00,257.56,258.91,256.19,257.97,95006554.0
2019-01-10 14:30:00,256.26,259.16,255.5,258.88,96823923.0
2019-01-11 14:30:00,257.68,259.0098,257.03,258.98,73858110.0
2019-01-14 14:30:00,256.86,258.3,256.41,257.4,70908227.0
2019-01-15 14:30:00,257.82,260.7,257.81,260.35,85208271.0
2019-01-16 14:30:00,260.83,261.9666,260.6,260.98,77636710.0
2019-01-17 14:30:00,260.01,263.92,259.96,262.96,96118435.0
2019-01-18 14:30:00,264.98,266.98,262.998,266.46,127900303.0
2019-01-22 14:30:00,264.82,265.06,261.06,262.86,115531183.0
2019-01-23 14:30:00,264.01,264.79,260.66,263.41,86030287.0
2019-01-24 14:30:00,263.21,264.2,262.08,263.55,59204139.0
2019-01-25 14:30:00,265.61,266.7,263.6595,265.78,96883358.0
2019-01-28 14:30:00,263.39,263.83,261.79,263.76,85613655.0
2019-01-29 14:30:00,263.92,264.55,262.48,263.41,66136334.0
2019-01-30 14:30:00,265.1,268.52,264.25,267.58,92473671.0
2019-01-31 14:30:00,267.51,270.47,267.27,269.93,104012073.0
2019-02-01 14:30:00,270.15,271.2,269.18,270.06,85782524.0
2019-02-04 14:30:00,270.11,272.03,269.36,271.96,60744844.0
2019-02-05 14:30:00,272.44,273.44,271.88,273.1,79552774.0
2019-02-06 14:30:00,272.79,273.34,271.92,272.74,58347791.0
2019-02-07 14:30:00,270.94,271.55,268.29,270.14,95481961.0
2019-02-08 14:30:00,268.75,270.58,267.83,270.47,75788861.0
2019-02-11 14:30:00,271.2,271.49,270.03,270.62,68021423.0
2019-02-12 14:30:00,272.42,274.52,272.34,274.1,72270221.0
2019-02-13 14:30:00,275.03,275.93,274.56,274.99,65277204.0
2019-02-14 14:30:00,273.78,275.64,272.87,274.38,83234396.0
2019-02-15 14:30:00,276.36,277.41,276.13,277.37,97088659.0
2019-02-19 14:30:00,276.4813,278.58,276.47,277.85,59120804.0
2019-02-20 14:30:00,277.81,278.92,277.25,278.41,76610767.0
2019-02-21 14:30:00,277.7,278.1,276.345,277.42,64214727.0
2019-02-22 14:30:00,278.11,279.36,277.4029,279.14,78114616.0
2019-02-25 14:30:00,280.73,281.31,279.43,279.52,69030699.0
2019-02-26 14:30:00,279.13,280.3,278.9,279.32,56844101.0
2019-02-27 14:30:00,278.52,279.59,277.48,279.2,56921570.0
2019-02-28 14:30:00,278.96,279.45,278.32,278.68,69268293.0
2019-03-01 14:30:00,280.44,280.88,278.82,280.42,78880548.0
2019-03-04 14:30:00,281.6,281.87,276.84,279.4,106494637.0
2019-03-05 14:30:00,279.54,279.76,278.41,279.02,59114559.0
2019-03-06 14:30:00,279.15,279.16,276.97,277.33,75039771.0
2019-03-07 14:30:00,276.83,276.99,274.07,275.01,94885089.0
2019-03-08 14:30:00,272.94,274.65,272.42,274.46,85795799.0
2019-03-11 13:30:00,275.26,278.62,275.23,278.44,65098897.0
2019-03-12 13:30:00,279.06,280.07,278.85,279.49,79667530.0
2019-03-13 13:30:00,280.48,282.38,280.3,281.34,80639153.0
2019-03-14 13:30:00,281.37,281.84,280.6662,281.16,67518366.0
2019-03-15 13:30:00,280.54,282.21,280.33,281.31,81308979.0
2019-03-18 13:30:00,281.55,282.66,281.3,282.33,62199806.0
2019-03-19 13:30:00,283.51,284.36,281.41,282.4,90268121.0
2019-03-20 13:30:00,282.16,283.5,280.32,281.55,84609210.0
2019-03-21 13:30:00,280.64,285.18,280.59,284.73,79550375.0
2019-03-22 13:30:00,283.22,283.8034,279.18,279.25,122659286.0
2019-03-25 13:30:00,278.87,280.1853,277.64,279.04,85575197.0
2019-03-26 13:30:00,280.99,282.18,279.56,281.12,68125920.0
2019-03-27 13:30:00,281.11,281.76,277.93,279.65,72224722.0
2019-03-28 13:30:00,280.35,281.21,279.07,280.71,56238545.0
2019-03-29 13:30:00,282.39,282.84,281.14,282.48,82186806.0
2019-04-01 13:30:00,284.7,286.16,284.4,285.83,77617945.0
2019-04-02 13:30:00,286.04,286.23,285.09,285.97,40070351.0
2019-04-03 13:30:00,287.32,287.76,285.75,286.42,68243202.0
2019-04-04 13:30:00,286.78,287.459,286.01,287.18,48997505.0
2019-04-05 13:30:00,287.92,288.63,287.6,288.57,58621729.0
2019-04-08 13:30:00,288.1,288.91,287.37,288.79,53566335.0
2019-04-09 13:30:00,287.72,288.08,286.7,287.31,66142316.0
2019-04-10 13:30:00,287.77,288.3899,287.31,288.29,52601499.0
2019-04-11 13:30:00,288.83,288.84,287.578,288.21,55093100.0
2019-04-12 13:30:00,290.0,290.47,288.261,290.16,69727782.0
2019-04-15 13:30:00,290.24,290.35,289.075,289.97,49596685.0
2019-04-16 13:30:00,290.95,291.01,289.5,290.16,52153197.0
2019-04-17 13:30:00,291.4,291.425,288.99,289.45,58268295.0
2019-04-18 13:30:00,290.1,290.32,288.66,290.02,68708513.0
2019-04-22 13:30:00,289.17,290.435,289.07,290.27,40160140.0
2019-04-23 13:30:00,290.68,293.14,290.42,292.88,52246633.0
2019-04-24 13:30:00,292.79,293.16,292.07,292.23,50392914.0
2019-04-25 13:30:00,292.12,292.78,290.73,292.05,57770862.0
2019-04-26 13:30:00,292.1,293.49,291.2401,293.41,50916423.0
2019-04-29 13:30:00,293.51,294.45,293.41,293.87,57197747.0
2019-04-30 13:30:00,293.49,294.34,291.92,294.02,81112081.0
2019-05-01 13:30:00,294.72,294.95,291.8,291.81,71671870.0
2019-05-02 13:30:00,291.68,292.7,289.52,291.18,65030170.0
2019-05-03 13:30:00,292.82,294.34,291.2998,294.03,56543653.0
2019-05-06 13:30:00,289.25,293.31,288.9,292.82,107198069.0
2019-05-07 13:30:00,290.15,290.81,285.81,287.93,144729908.0
2019-05-08 13:30:00,287.53,289.43,286.87,287.53,91568287.0
2019-05-09 13:30:00,285.23,287.33,283.3,286.66,103471104.0
2019-05-10 13:30:00,285.62,288.94,282.3,288.1,112429293.0
2019-05-13 13:30:00,282.42,283.49,279.93,280.86,127290527.0
2019-05-14 13:30:00,281.99,285.1,281.85,283.4,77003230.0
2019-05-15 13:30:00,281.59,285.77,281.36,285.06,73956407.0
2019-05-16 13:30:00,285.84,289.21,285.76,287.7,76749643.0
2019-05-17 13:30:00,285.14,288.6,285.1207,285.84,100353024.0
2019-05-20 13:30:00,284.06,285.43,283.12,283.95,62877610.0
2019-05-21 13:30:00,285.83,286.93,285.55,286.51,46847085.0
2019-05-22 13:30:00,285.45,286.69,285.1,285.63,49482472.0
2019-05-23 13:30:00,283.16,283.21,280.57,282.14,98733847.0
2019-05-24 13:30:00,283.74,284.2,282.09,282.78,55268095.0
2019-05-28 13:30:00,283.09,284.15,280.13,280.15,70029356.0
2019-05-29 13:30:00,278.91,279.36,276.71,278.27,104972927.0
2019-05-30 13:30:00,279.11,280.04,277.805,279.03,62523780.0
2019-05-31 13:30:00,276.2,277.12,275.24,275.27,86862782.0
2019-06-03 13:30:00,275.31,276.5521,273.09,274.57,96427952.0
2019-06-04 13:30:00,277.12,280.68,276.62,280.53,77231889.0
2019-06-05 13:30:00,282.33,282.99,280.32,282.96,71169717.0
2019-06-06 13:30:00,283.29,285.55,282.57,284.8,69430381.0
2019-06-07 13:30:00,285.93,288.85,285.74,287.65,74272199.0
2019-06-10 13:30:00,289.37,290.82,288.8734,288.97,60799053.0
2019-06-11 13:30:00,290.99,291.4,288.1805,288.9,58641325.0
2019-06-12 13:30:00,288.64,289.26,287.815,288.39,47096312.0
2019-06-13 13:30:00,289.4,289.98,288.62,289.58,48945156.0
2019-06-14 13:30:00,289.26,289.93,288.41,289.26,52324716.0
2019-06-17 13:30:00,289.52,290.22,289.18,289.37,39205709.0
2019-06-18 13:30:00,291.39,293.57,290.99,292.4,85434823.0
2019-06-19 13:30:00,292.55,293.65,291.47,293.06,78674377.0
2019-06-20 13:30:00,296.04,296.3093,293.1255,295.86,116570017.0
2019-06-21 13:30:00,294.13,295.52,293.76,294.0,83309466.0
2019-06-24 13:30:00,294.23,294.58,293.47,293.64,47582730.0
2019-06-25 13:30:00,293.7,293.73,290.64,290.76,82028656.0
2019-06-26 13:30:00,291.75,292.31,290.345,290.47,51584902.0
2019-06-27 13:30:00,291.31,292.06,290.89,291.5,40355239.0
2019-06-28 13:30:00,292.58,293.55,292.01,293.0,59350929.0
2019-07-01 13:30:00,296.68,296.92,294.33,295.66,79107474.0
2019-07-02 13:30:00,295.61,296.49,294.68,296.43,61504544.0
2019-07-03 13:30:00,297.18,298.82,297.02,298.8,40898896.0
2019-07-05 13:30:00,297.44,298.64,296.01,298.46,51677326.0
2019-07-08 13:30:00,297.01,298.2579,296.22,296.82,45841772.0
2019-07-09 13:30:00,295.54,297.52,295.48,297.19,41101279.0
2019-07-10 13:30:00,298.37,299.66,297.78,298.61,58595558.0
2019-07-11 13:30:00,299.32,299.58,298.2,299.31,50889481.0
2019-07-12 13:30:00,299.85,300.73,299.51,300.65,40354410.0
2019-07-15 13:30:00,301.13,301.13,300.19,300.75,33910261.0
2019-07-16 13:30:00,300.65,300.88,299.44,299.71,40567964.0
2019-07-17 13:30:00,299.75,299.93,297.74,297.74,44102443.0
2019-07-18 13:30:00,297.19,299.25,296.7,298.83,51701687.0
2019-07-19 13:30:00,300.04,300.07,296.96,297.17,71081238.0
2019-07-22 13:30:00,297.61,298.5,297.04,297.9,43687404.0
2019-07-23 13:30:00,299.14,300.03,298.22,300.03,44657973.0
2019-07-24 13:30:00,299.19,301.44,299.09,301.44,47213232.0
2019-07-25 13:30:00,300.94,301.0,299.11,300.0,55394092.0
2019-07-26 13:30:00,300.76,302.23,300.62,302.01,45084077.0
2019-07-29 13:30:00,301.88,301.93,300.85,301.46,38126462.0
2019-07-30 13:30:00,299.91,301.17,299.49,300.72,45849045.0
2019-07-31 13:30:00,300.99,301.2,295.2,297.43,104245162.0
2019-08-01 13:30:00,297.6,300.87,293.96,294.84,142646576.0
2019-08-02 13:30:00,293.85,294.12,290.9,292.62,116749695.0
2019-08-05 13:30:00,288.09,288.21,281.72,283.82,178745449.0
2019-08-06 13:30:00,285.91,288.04,284.28,287.8,120711682.0
2019-08-07 13:30:00,284.4,288.82,282.04,287.97,140572265.0
2019-08-08 13:30:00,289.62,293.62,289.01,293.62,87713904.0
2019-08-09 13:30:00,292.58,293.24,289.65,291.62,93729958.0
2019-08-12 13:30:00,289.96,291.6052,287.02,288.07,65527632.0
2019-08-13 13:30:00,287.74,294.15,287.36,292.55,94792972.0
2019-08-14 13:30:00,288.07,288.74,283.76,283.9,135622053.0
2019-08-15 13:30:00,284.88,285.64,282.39,284.65,101929845.0
2019-08-16 13:30:00,286.48,289.33,284.7138,288.85,85825286.0
2019-08-19 13:30:00,292.19,293.08,291.44,292.33,53640153.0
2019-08-20 13:30:00,291.77,292.36,289.95,290.09,51652752.0
2019-08-21 13:30:00,292.48,292.86,291.72,292.45,49723430.0
2019-08-22 13:30:00,293.23,293.93,290.4,292.36,51739292.0
2019-08-23 13:30:00,290.92,292.76,283.47,284.85,149318151.0
2019-08-26 13:30:00,287.27,288.0,285.58,288.0,72620598.0
2019-08-27 13:30:00,289.54,289.95,286.03,286.87,68262998.0
2019-08-28 13:30:00,286.14,289.07,285.25,288.89,59852324.0
2019-08-29 13:30:00,291.72,293.16,290.61,292.58,57998913.0
2019-08-30 13:30:00,294.22,294.2399,291.42,292.45,62961780.0
2019-09-03 13:30:00,290.57,291.58,289.27,290.74,69252354.0
2019-09-04 13:30:00,293.14,294.055,292.31,294.04,47003957.0
2019-09-05 13:30:00,296.79,298.83,296.64,297.82,83356779.0
2019-09-06 13:30:00,298.17,298.76,297.42,298.05,49584290.0
2019-09-09 13:30:00,299.14,299.24,297.16,298.2,51260290.0
2019-09-10 13:30:00,297.36,298.2,295.97,298.13,57947101.0
2019-09-11 13:30:00,298.47,300.34,297.75,300.25,68821066.0
2019-09-12 13:30:00,301.25,302.46,300.41,301.29,72908745.0
2019-09-13 13:30:00,301.78,302.17,300.68,301.09,62104838.0
2019-09-16 13:30:00,299.84,301.1378,299.45,300.16,58191175.0
2019-09-17 13:30:00,299.94,301.02,299.75,300.92,42904427.0
2019-09-18 13:30:00,300.49,301.22,298.24,301.1,74192091.0
2019-09-19 13:30:00,301.53,302.63,300.7103,301.08,78099215.0
2019-09-20 13:30:00,300.36,300.67,297.41,298.28,97455979.0
2019-09-23 13:30:00,297.55,299.0,297.27,298.21,47541321.0
2019-09-24 13:30:00,299.41,299.84,294.81,295.87,97367568.0
2019-09-25 13:30:00,295.96,298.11,294.33,297.62,73434081.0
2019-09-26 13:30:00,297.63,297.86,295.45,297.0,58722357.0
2019-09-27 13:30:00,297.83,297.9465,293.69,295.4,84781110.0
2019-09-30 13:30:00,295.97,297.55,295.92,296.77,52562761.0
2019-10-01 13:30:00,297.74,298.455,293.0,293.24,89900420.0
2019-10-02 13:30:00,291.5,291.51,286.64,288.06,124523974.0
2019-10-03 13:30:00,287.81,290.45,284.82,290.42,85906799.0
2019-10-04 13:30:00,291.14,294.63,290.82,294.35,66700681.0
2019-10-07 13:30:00,293.47,295.26,292.77,293.08,60656561.0
2019-10-08 13:30:00,291.04,291.85,288.49,288.53,101575470.0
2019-10-09 13:30:00,290.75,292.3,288.6559,291.27,65707329.0
2019-10-10 13:30:00,291.18,294.21,291.0,293.24,57255974.0
2019-10-11 13:30:00,296.27,298.74,296.1448,296.28,101228577.0
2019-10-14 13:30:00,295.93,296.67,295.57,295.95,40546668.0
2019-10-15 13:30:00,297.1,299.7,296.97,298.88,47832356.0
2019-10-16 13:30:00,298.37,299.16,297.92,298.4,50563596.0
2019-10-17 13:30:00,299.68,300.24,298.515,299.28,46784885.0
2019-10-18 13:30:00,298.69,299.395,296.99,297.97,64338028.0
2019-10-21 13:30:00,299.42,300.21,298.935,299.99,39460901.0
2019-10-22 13:30:00,300.58,300.9,298.91,299.01,49126038.0
2019-10-23 13:30:00,298.73,299.94,298.495,299.88,34991829.0
2019-10-24 13:30:00,300.91,301.07,299.4601,300.37,35857459.0
2019-10-25 13:30:00,299.74,302.2,299.6806,301.6,45205412.0
2019-10-28 13:30:00,302.94,303.85,302.91,303.3,42146965.0
2019-10-29 13:30:00,303.0,304.23,302.86,303.21,44284921.0
2019-10-30 13:30:00,303.43,304.55,301.99,304.14,49643928.0
2019-10-31 13:30:00,304.13,304.13,301.73,303.33,69053791.0
2019-11-01 13:30:00,304.92,306.19,304.74,306.14,71141515.0
2019-11-04 14:30:00,307.85,308.0,306.96,307.37,60606916.0
2019-11-05 14:30:00,307.59,307.9195,306.71,307.03,43033885.0
2019-11-06 14:30:00,307.03,307.4,306.06,307.1,46487108.0
2019-11-07 14:30:00,308.57,309.65,307.66,308.18,54272274.0
2019-11-08 14:30:00,307.8,309.0036,307.03,308.94,49068797.0
2019-11-11 14:30:00,307.42,308.54,307.27,308.35,35934909.0
2019-11-12 14:30:00,308.75,309.99,308.15,309.0,46484624.0
2019-11-13 14:30:00,307.91,309.54,307.66,309.1,54459018.0
2019-11-14 14:30:00,308.79,309.64,308.09,309.55,52001874.0
2019-11-15 14:30:00,311.02,311.84,310.26,311.79,62706192.0
2019-11-18 14:30:00,311.53,312.28,311.03,312.02,49327980.0
2019-11-19 14:30:00,312.68,312.69,311.22,311.93,67927818.0
2019-11-20 14:30:00,311.28,311.85,309.06,310.77,79696276.0
2019-11-21 14:30:00,310.89,311.01,309.39,310.27,54664690.0
2019-11-22 14:30:00,311.09,311.24,309.85,310.96,44850228.0
2019-11-25 14:30:00,311.98,313.37,311.98,313.37,48762676.0
2019-11-26 14:30:00,313.41,314.28,313.06,314.08,37727953.0
2019-11-27 14:30:00,314.61,315.48,314.37,315.48,44793179.0
2019-11-29 14:30:00,314.86,315.13,314.06,314.31,36592740.0
2019-12-02 14:30:00,314.59,314.66,311.17,311.64,76110027.0
2019-12-03 14:30:00,308.65,309.64,307.13,309.55,75172709.0
2019-12-04 14:30:00,310.7,312.12,310.32,311.46,49190402.0
2019-12-05 14:30:00,312.23,312.25,310.58,312.02,40781669.0
2019-12-06 14:30:00,314.12,315.31,314.11,314.87,48956767.0
2019-12-09 14:30:00,314.44,315.18,313.8,313.88,34904315.0
2019-12-10 14:30:00,313.82,314.55,312.81,313.53,53109165.0
2019-12-11 14:30:00,314.03,314.7,313.4393,314.42,53521450.0
2019-12-12 14:30:00,314.43,317.99,314.17,317.13,96585802.0
2019-12-13 14:30:00,316.87,318.67,316.02,317.32,81546487.0
2019-12-16 14:30:00,319.22,320.15,319.17,319.5,82836128.0
2019-12-17 14:30:00,319.92,320.25,319.48,319.57,61131769.0
2019-12-18 14:30:00,320.0,320.25,319.53,319.59,48199955.0
2019-12-19 14:30:00,319.8,320.98,319.5246,320.9,85388424.0
2019-12-20 14:30:00,320.46,321.9742,319.3873,320.73,149338215.0
2019-12-23 14:30:00,321.59,321.65,321.06,321.22,53015641.0
2019-12-24 14:30:00,321.47,321.52,320.9,321.23,20270007.0
2019-12-26 14:30:00,321.65,322.95,321.64,322.94,31024188.0
2019-12-27 14:30:00,323.74,323.8,322.28,322.86,42554820.0
2019-12-30 14:30:00,322.95,323.1,320.55,321.08,49782730.0
2019-12-31 14:30:00,320.53,322.13,320.15,321.86,57106998.0
2020-01-02 14:30:00,323.54,324.89,322.53,324.87,59253833.0
2020-01-03 14:30:00,321.16,323.64,321.1,322.41,77783566.0
2020-01-06 14:30:00,320.49,323.73,320.36,323.64,55761948.0
2020-01-07 14:30:00,323.02,323.54,322.24,322.73,42854811.0
2020-01-08 14:30:00,322.94,325.78,322.67,324.45,68434153.0
2020-01-09 14:30:00,326.16,326.73,325.52,326.65,48569601.0
2020-01-10 14:30:00,327.2899,327.46,325.2,325.71,53057389.0
2020-01-13 14:30:00,326.39,327.96,325.92,327.95,47262010.0
2020-01-14 14:30:00,327.47,328.62,326.844,327.45,63036384.0
2020-01-15 14:30:00,327.35,329.02,327.26,328.19,72056598.0
2020-01-16 14:30:00,329.7,330.92,329.45,330.92,54050328.0
2020-01-17 14:30:00,331.7,332.18,330.8539,331.95,95846017.0
2020-01-21 14:30:00,330.9,332.18,330.82,331.3,77742415.0
2020-01-22 14:30:00,332.24,332.95,331.17,331.34,48914899.0
2020-01-23 14:30:00,330.63,332.1682,329.41,331.72,52004140.0
2020-01-24 14:30:00,332.44,332.53,327.36,328.77,87578442.0
2020-01-27 14:30:00,323.03,325.12,322.66,323.5,84062463.0
2020-01-28 14:30:00,325.06,327.85,323.6038,326.89,63833953.0
2020-01-29 14:30:00,328.38,328.63,326.4,326.62,54040889.0
2020-01-30 14:30:00,324.36,327.91,323.54,327.68,75491844.0
2020-01-31 14:30:00,327.0,327.17,320.73,321.73,113845576.0
2020-02-03 14:30:00,323.35,326.16,323.22,324.12,69242293.0
2020-02-04 14:30:00,328.07,330.01,327.72,329.06,62573190.0
2020-02-05 14:30:00,332.27,333.09,330.67,332.86,65951146.0
2020-02-06 14:30:00,333.91,334.19,332.8,333.98,50359688.0
2020-02-07 14:30:00,332.82,333.9941,331.6,332.2,64139443.0
2020-02-10 14:30:00,331.23,334.75,331.19,334.68,42070006.0
2020-02-11 14:30:00,336.16,337.02,334.684,335.26,54864533.0
2020-02-12 14:30:00,336.83,337.65,336.43,337.42,43992662.0
2020-02-13 14:30:00,335.8621,338.12,335.56,337.06,54501922.0
2020-02-14 14:30:00,337.51,337.73,336.2,337.6,64582210.0
2020-02-18 14:30:00,336.51,337.6677,335.21,336.73,57342526.0
2020-02-19 14:30:00,337.79,339.08,337.48,338.34,48814692.0
2020-02-20 14:30:00,337.7423,338.64,333.6817,336.95,74163362.0
2020-02-21 14:30:00,335.47,335.81,332.58,333.48,113788208.0
2020-02-24 14:30:00,323.14,325.85,321.24,322.42,161088409.0
2020-02-25 14:30:00,323.94,324.61,311.69,312.65,218913168.0
2020-02-26 14:30:00,314.18,318.11,310.7,311.5,194773819.0
2020-02-27 14:30:00,305.46,311.5637,297.51,297.51,284353460.0
2020-02-28 14:30:00,288.7,297.892,285.54,296.26,385764020.0
2020-03-02 14:30:00,298.21,309.16,294.46,309.09,238703625.0
2020-03-03 14:30:00,309.5,313.84,297.57,300.24,300139150.0
2020-03-04 14:30:00,306.12,313.1,303.33,312.86,176613448.0
2020-03-05 14:30:00,304.98,308.47,300.01,302.46,186366809.0
2020-03-06 14:30:00,293.15,298.78,290.23,297.46,228667168.0
2020-03-09 13:30:00,275.3,284.19,273.45,274.23,309417350.0
2020-03-10 13:30:00,284.64,288.52,273.5,288.42,276444060.0
2020-03-11 13:30:00,280.7,281.94,270.88,274.36,256416563.0
2020-03-12 13:30:00,256.0,266.66,247.68,248.11,392220670.0
2020-03-13 13:30:00,263.09,271.4754,248.5237,269.32,329566100.0
2020-03-16 13:30:00,241.18,256.9,237.36,239.85,297240030.0
2020-03-17 13:30:00,245.04,256.17,237.07,252.8,262070471.0
2020-03-18 13:30:00,236.25,248.37,228.02,240.0,327597130.0
2020-03-19 13:30:00,239.25,247.38,232.22,240.51,289322040.0
2020-03-20 13:30:00,242.53,244.47,228.5,228.8,347158790.0
2020-03-23 13:30:00,228.19,229.6833,218.26,222.95,326025170.0
2020-03-24 13:30:00,234.42,244.1,233.8,243.15,235494475.0
2020-03-25 13:30:00,244.87,256.35,239.75,246.79,299430255.0
2020-03-26 13:30:00,249.52,262.8,249.05,261.2,257632816.0
2020-03-27 13:30:00,253.27,260.81,251.05,253.42,224341217.0
2020-03-30 13:30:00,255.7,262.43,253.53,261.65,170961866.0
2020-03-31 13:30:00,260.56,263.33,256.22,257.75,194881060.0
2020-04-01 13:30:00,247.98,257.6591,243.9,246.15,189554623.0
2020-04-02 13:30:00,245.19,252.68,244.59,251.83,177660430.0
2020-04-03 13:30:00,250.76,253.32,245.22,248.19,135561171.0
2020-04-06 13:30:00,257.84,267.0,248.1698,264.86,188061238.0
2020-04-07 13:30:00,274.21,275.03,264.89,265.13,201427189.0
2020-04-08 13:30:00,267.96,276.0,265.2542,274.03,153774487.0
2020-04-09 13:30:00,277.58,281.2,275.47,278.2,190282705.0
2020-04-13 13:30:00,277.14,277.51,271.41,275.66,115139268.0
2020-04-14 13:30:00,280.98,284.9,275.5106,283.79,134143350.0
2020-04-15 13:30:00,277.57,279.26,275.46,277.76,121775006.0
2020-04-16 13:30:00,279.15,280.03,275.76,279.1,131798325.0
2020-04-17 13:30:00,285.38,287.3,282.4,286.64,146684784.0
2020-04-20 13:30:00,282.61,286.7912,281.35,281.59,100224647.0
2020-04-21 13:30:00,276.73,278.04,272.02,273.04,126385698.0
2020-04-22 13:30:00,278.35,281.0,276.91,279.1,93524584.0
2020-04-23 13:30:00,280.49,283.94,278.75,279.08,104709693.0
2020-04-24 13:30:00,280.73,283.7,278.5,282.97,85165953.0
2020-04-27 13:30:00,285.12,288.27,284.62,287.05,77896608.0
2020-04-28 13:30:00,291.02,291.4,285.4,285.73,105283871.0
2020-04-29 13:30:00,291.53,294.88,290.41,293.21,118745579.0
2020-04-30 13:30:00,291.71,293.3239,288.59,290.48,122901701.0
2020-05-01 13:30:00,285.31,290.6572,281.52,282.79,125180028.0
2020-05-04 13:30:00,280.74,283.9,279.13,283.57,80873213.0
2020-05-05 13:30:00,286.64,289.25,283.7134,286.19,79569938.0
2020-05-06 13:30:00,288.04,288.46,283.78,284.25,73632628.0
2020-05-07 13:30:00,287.75,289.78,287.13,287.68,75250412.0
2020-05-08 13:30:00,291.09,292.95,289.86,292.44,76622128.0
2020-05-11 13:30:00,290.34,294.0,289.88,292.5,79514231.0
2020-05-12 13:30:00,293.79,294.24,286.52,286.67,95870786.0
2020-05-13 13:30:00,286.06,287.19,278.965,281.6,144721099.0
2020-05-14 13:30:00,278.95,285.11,276.37,284.97,121977890.0
2020-05-15 13:30:00,282.37,286.33,281.34,286.28,111146276.0
2020-05-18 13:30:00,293.05,296.75,292.7,295.0,120320229.0
2020-05-19 13:30:00,294.35,296.205,291.95,291.97,95189316.0
2020-05-20 13:30:00,295.82,297.87,295.57,296.93,85861691.0
2020-05-21 13:30:00,296.79,297.67,293.6886,294.88,78293925.0
2020-05-22 13:30:00,294.57,295.63,293.22,295.44,63958200.0
2020-05-26 13:30:00,301.93,302.19,298.69,299.08,88951442.0
2020-05-27 13:30:00,302.12,303.57,296.87,303.53,104817449.0
2020-05-28 13:30:00,304.65,306.84,302.24,302.97,90767807.0
2020-05-29 13:30:00,302.46,304.96,299.47,304.32,119265702.0
2020-06-01 13:30:00,303.62,306.205,303.06,305.55,56779836.0
2020-06-02 13:30:00,306.55,308.13,305.1,308.08,74267162.0
2020-06-03 13:30:00,310.24,313.22,309.94,312.18,92567574.0
2020-06-04 13:30:00,311.11,313.0,309.08,311.36,75794363.0
2020-06-05 13:30:00,317.23,321.275,317.16,319.34,150524674.0
2020-06-08 13:30:00,320.22,323.41,319.63,323.2,73641217.0
2020-06-09 13:30:00,320.3,323.2849,319.36,320.79,77479228.0
2020-06-10 13:30:00,321.42,322.39,318.2209,319.0,95000766.0
2020-06-11 13:30:00,311.46,312.15,300.01,300.61,209243560.0
2020-06-12 13:30:00,308.24,309.08,298.6,304.21,194678879.0
2020-06-15 13:30:00,298.02,308.28,296.74,307.05,135782724.0
2020-06-16 13:30:00,315.48,315.64,307.67,312.96,137627502.0
2020-06-17 13:30:00,314.07,314.39,310.86,311.66,83398944.0
2020-06-18 13:30:00,310.005,312.3,309.51,311.78,80828658.0
2020-06-19 13:30:00,314.17,314.38,306.53,308.64,135549624.0
2020-06-22 13:30:00,307.99,311.05,306.75,310.62,74649389.0
2020-06-23 13:30:00,313.49,314.5,311.6101,312.05,68471246.0
2020-06-24 13:30:00,309.84,310.51,302.1,304.09,132813492.0
2020-06-25 13:30:00,303.47,307.64,301.28,307.35,89467968.0
2020-06-26 13:30:00,306.16,306.39,299.42,300.05,127961017.0
2020-06-29 13:30:00,301.41,304.61,298.93,304.46,79773260.0
2020-06-30 13:30:00,303.99,310.2,303.82,308.36,113394772.0
2020-07-01 13:30:00,309.57,311.89,309.07,310.52,72396542.0
2020-07-02 13:30:00,314.24,315.7,311.51,312.23,69344217.0
2020-07-06 13:30:00,316.37,317.68,315.56,317.05,61713828.0
2020-07-07 13:30:00,315.38,317.52,313.37,313.78,82909963.0
2020-07-08 13:30:00,314.61,316.3,312.7,316.18,54638596.0
2020-07-09 13:30:00,316.84,317.1,310.68,314.38,83354158.0
2020-07-10 13:30:00,314.31,317.88,312.76,317.59,57550365.0
2020-07-13 13:30:00,320.13,322.71,314.13,314.84,102997484.0
2020-07-14 13:30:00,313.3,319.76,312.0,318.92,93656951.0
2020-07-15 13:30:00,322.41,323.04,319.265,321.85,87196524.0
2020-07-16 13:30:00,319.79,321.28,319.09,320.79,54622520.0
2020-07-17 13:30:00,321.88,322.57,319.735,321.72,62774911.0
2020-07-20 13:30:00,321.43,325.13,320.62,324.32,56308749.0
2020-07-21 13:30:00,326.45,326.93,323.94,325.01,57498967.0
2020-07-22 13:30:00,324.62,327.2,324.5,326.86,57792915.0
2020-07-23 13:30:00,326.47,327.23,321.48,322.96,75737989.0
2020-07-24 13:30:00,320.95,321.99,319.246,320.88,73766597.0
2020-07-27 13:30:00,321.63,323.41,320.775,323.22,48292970.0
2020-07-28 13:30:00,322.43,323.64,320.85,321.17,57494979.0
2020-07-29 13:30:00,322.12,325.73,322.075,325.12,48454159.0
2020-07-30 13:30:00,321.9,324.41,319.64,323.96,61861714.0
2020-07-31 13:30:00,325.9,326.63,321.33,326.52,85210755.0
2020-08-03 13:30:00,328.32,329.62,327.73,328.79,53077948.0
2020-08-04 13:30:00,327.86,330.06,327.86,330.06,41917893.0
2020-08-05 13:30:00,331.47,332.39,331.18,332.11,42866354.0
2020-08-06 13:30:00,331.4799,334.46,331.13,334.33,43679447.0
2020-08-07 13:30:00,333.28,334.88,332.3,334.57,57308270.0
2020-08-10 13:30:00,335.06,335.77,332.955,335.57,44282089.0
2020-08-11 13:30:00,336.85,337.54,332.01,332.8,69600882.0
2020-08-12 13:30:00,335.44,338.28,332.8377,337.44,53826128.0
2020-08-13 13:30:00,336.61,338.2514,335.83,336.83,41816146.0
2020-08-14 13:30:00,336.41,337.42,335.62,336.84,47260390.0
2020-08-17 13:30:00,337.94,338.34,336.8517,337.91,35480974.0
2020-08-18 13:30:00,338.34,339.1,336.61,338.64,38733908.0
2020-08-19 13:30:00,339.05,339.61,336.62,337.23,68054244.0
2020-08-20 13:30:00,335.36,338.8,335.22,338.28,42207826.0
2020-08-21 13:30:00,337.92,339.72,337.55,339.48,55106628.0
2020-08-24 13:30:00,342.12,343.0,339.4504,342.92,48588662.0
2020-08-25 13:30:00,343.53,344.21,342.27,344.12,38463381.0
2020-08-26 13:30:00,344.76,347.86,344.17,347.57,50790237.0
2020-08-27 13:30:00,348.51,349.9,346.53,348.33,58034142.0
2020-08-28 13:30:00,349.44,350.72,348.15,350.58,48588940.0
2020-08-31 13:30:00,350.35,351.3,349.06,349.31,66099183.0
2020-09-01 13:30:00,350.21,352.71,349.24,352.6,54999325.0
2020-09-02 13:30:00,354.67,358.75,353.43,357.7,69540035.0
2020-09-03 13:30:00,355.87,356.38,342.59,345.39,148011129.0
2020-09-04 13:30:00,346.13,347.83,334.87,342.57,139156281.0
2020-09-08 13:30:00,336.71,342.64,332.88,333.21,114465322.0
2020-09-09 13:30:00,337.55,342.46,336.61,339.79,91462290.0
2020-09-10 13:30:00,341.82,342.53,332.85,333.89,90569548.0
2020-09-11 13:30:00,335.82,336.97,331.0,334.06,84680194.0
2020-09-14 13:30:00,337.49,340.38,334.2208,338.46,65605686.0
2020-09-15 13:30:00,341.12,342.02,338.4683,340.17,52920862.0
2020-09-16 13:30:00,341.51,343.06,338.52,338.82,82211256.0
2020-09-17 13:30:00,333.56,337.6996,332.991,335.84,91523339.0
2020-09-18 13:30:00,335.37,335.49,327.97,330.65,105877942.0
2020-09-21 13:30:00,325.7,327.13,321.73,326.97,99450829.0
2020-09-22 13:30:00,328.57,330.9,325.86,330.3,63612107.0
2020-09-23 13:30:00,330.9,331.2,322.1,322.64,93112240.0
2020-09-24 13:30:00,321.22,326.797,319.8,323.5,76681332.0
2020-09-25 13:30:00,322.58,329.58,321.64,328.73,71069426.0
2020-09-28 13:30:00,333.22,334.96,332.15,334.19,64584614.0
2020-09-29 13:30:00,333.97,334.77,331.6209,332.37,51531594.0
2020-09-30 13:30:00,333.09,338.29,332.88,334.89,104081136.0
2020-10-01 13:30:00,337.69,338.74,335.01,337.04,88698745.0
2020-10-02 13:30:00,331.7,337.0126,331.19,333.84,89431112.0
2020-10-05 13:30:00,336.06,339.96,336.01,339.76,45713108.0
2020-10-06 13:30:00,339.91,342.17,334.38,334.93,90128883.0
2020-10-07 13:30:00,338.12,341.63,338.09,340.76,56999597.0
2020-10-08 13:30:00,342.85,343.85,341.86,343.78,45242476.0
2020-10-09 13:30:00,345.56,347.35,344.89,346.85,59528606.0
2020-10-12 13:30:00,349.59,354.02,349.06,352.43,80388533.0
2020-10-13 13:30:00,352.28,352.4651,349.09,350.13,73255513.0
2020-10-14 13:30:00,350.75,351.93,347.14,347.93,57958749.0
2020-10-15 13:30:00,343.71,348.02,343.13,347.5,60357659.0
2020-10-16 13:30:00,348.96,350.75,347.1,347.29,89501868.0
2020-10-19 13:30:00,348.65,349.33,341.04,342.01,68425614.0
2020-10-20 13:30:00,343.46,346.88,342.64,343.38,60051880.0
2020-10-21 13:30:00,343.33,348.6847,342.4,342.73,63574979.0
2020-10-22 13:30:00,342.96,345.24,340.65,344.61,55399292.0
2020-10-23 13:30:00,345.93,345.99,343.13,345.78,49143511.0
2020-10-26 13:30:00,342.13,342.98,335.62,339.39,91473002.0
2020-10-27 13:30:00,339.76,340.12,337.99,338.22,65994108.0
2020-10-28 13:30:00,332.1,332.84,326.13,326.66,127094307.0
2020-10-29 13:30:00,326.91,333.395,325.09,329.98,90596689.0
2020-10-30 13:30:00,328.28,329.69,322.6,326.54,120448685.0
2020-11-02 14:30:00,330.2,332.36,327.24,330.2,86068299.0
2020-11-03 14:30:00,333.69,338.25,330.2935,336.03,93294192.0
2020-11-04 14:30:00,340.86,347.94,339.59,343.54,126959700.0
2020-11-05 14:30:00,349.24,352.19,348.86,350.24,82039749.0
2020-11-06 14:30:00,349.93,351.51,347.65,350.16,74972973.0
2020-11-09 14:30:00,363.97,364.38,354.06,354.56,172304203.0
2020-11-10 14:30:00,353.49,355.18,350.51,354.04,85552022.0
2020-11-11 14:30:00,356.4,357.56,355.06,356.67,58649048.0
2020-11-12 14:30:00,355.58,356.7182,351.26,353.21,68118563.0
2020-11-13 14:30:00,355.27,358.9,354.71,358.1,62959429.0
2020-11-16 14:30:00,360.98,362.78,359.59,362.57,74541138.0
2020-11-17 14:30:00,359.97,361.92,358.34,360.62,66111009.0
2020-11-18 14:30:00,360.91,361.5,356.24,356.28,70591299.0
2020-11-19 14:30:00,355.6,358.18,354.15,357.78,59940947.0
2020-11-20 14:30:00,357.5,357.72,355.25,355.33,70411890.0
2020-11-23 14:30:00,357.28,358.82,354.865,357.46,63230608.0
2020-11-24 14:30:00,360.21,363.81,359.29,363.22,62415877.0
2020-11-25 14:30:00,363.13,363.16,361.48,362.66,45330890.0
2020-11-27 14:30:00,363.84,364.18,362.58,363.67,28514072.0
2020-11-30 14:30:00,362.83,363.12,359.17,362.06,83872709.0
2020-12-01 14:30:00,365.57,367.68,364.93,366.02,74504969.0
2020-12-02 14:30:00,364.82,366.96,364.2,366.79,45927000.0
2020-12-03 14:30:00,366.68,368.19,365.5,366.69,62881998.0
2020-12-04 14:30:00,367.32,369.85,367.22,369.85,50749859.0
2020-12-07 14:30:00,369.02,369.62,367.72,369.09,48944269.0
2020-12-08 14:30:00,367.72,370.78,367.67,370.17,42458859.0
2020-12-09 14:30:00,370.88,371.05,365.95,366.85,74098312.0
2020-12-10 14:30:00,365.37,367.86,364.43,366.73,57735353.0
2020-12-11 14:30:00,364.9,366.7402,363.26,366.3,57698614.0
2020-12-14 14:30:00,368.64,369.8,364.47,364.66,69216174.0
2020-12-15 14:30:00,367.4,369.59,365.92,369.59,64071099.0
2020-12-16 14:30:00,369.82,371.16,368.8676,370.17,58420517.0
2020-12-17 14:30:00,371.94,372.46,371.05,372.24,64119472.0
2020-12-18 14:30:00,370.97,371.15,367.02,369.18,136542328.0
2020-12-21 14:30:00,364.97,378.46,362.03,367.86,96386745.0
2020-12-22 14:30:00,368.21,368.3317,366.03,367.24,48388462.0
2020-12-23 14:30:00,368.28,369.62,367.2172,367.57,46201402.0
2020-12-24 14:30:00,368.08,369.03,367.45,369.0,26457853.0
2020-12-28 14:30:00,371.74,372.59,371.07,372.17,39000402.0
2020-12-29 14:30:00,373.81,374.0,370.83,371.46,53680451.0
2020-12-30 14:30:00,372.34,373.1,371.57,371.99,49455259.0
2020-12-31 14:30:00,371.78,374.66,371.232,373.88,78520702.0
2021-01-04 14:30:00,375.31,375.45,364.82,368.79,110210810.0
2021-01-05 14:30:00,368.1,372.5,368.05,371.33,66426229.0
2021-01-06 14:30:00,369.71,376.98,369.12,373.55,107997675.0
2021-01-07 14:30:00,376.1,379.9,375.91,379.1,68766812.0
2021-01-08 14:30:00,380.59,381.49,377.1,381.26,71677208.0
2021-01-11 14:30:00,377.85,380.58,377.7189,378.69,51176719.0
2021-01-12 14:30:00,378.89,379.86,376.36,378.77,52547716.0
2021-01-13 14:30:00,378.69,380.86,377.85,379.79,45303619.0
2021-01-14 14:30:00,380.59,381.13,378.1,378.46,49989113.0
2021-01-15 14:30:00,376.72,377.58,373.7,375.7,107159962.0
2021-01-19 14:30:00,378.34,379.23,376.75,378.65,51229172.0
2021-01-20 14:30:00,381.11,384.79,380.69,383.89,61836062.0
2021-01-21 14:30:00,384.49,384.95,383.25,384.24,47955809.0
2021-01-22 14:30:00,382.25,384.1256,381.835,382.88,52136931.0
2021-01-25 14:30:00,383.67,384.77,378.46,384.39,70401971.0
2021-01-26 14:30:00,385.41,385.85,383.54,383.79,42665281.0
2021-01-27 14:30:00,380.22,380.32,372.01,374.41,123351078.0
2021-01-28 14:30:00,376.36,381.93,375.89,377.63,94198104.0
2021-01-29 14:30:00,375.63,376.67,368.27,370.07,126765121.0
2021-02-01 14:30:00,373.72,377.34,370.376,376.23,75817597.0
2021-02-02 14:30:00,379.65,383.22,376.3181,381.55,64450662.0
2021-02-03 14:30:00,382.435,383.7,380.48,381.85,52427090.0
2021-02-04 14:30:00,382.96,386.24,381.9655,386.19,47142555.0
2021-02-05 14:30:00,388.2,388.47,386.1444,387.71,48669773.0
2021-02-08 14:30:00,389.27,390.56,388.35,390.51,38365185.0
2021-02-09 14:30:00,389.61,390.89,389.17,390.25,35551059.0
2021-02-10 14:30:00,392.12,392.28,387.5,390.08,59154370.0
2021-02-11 14:30:00,391.24,391.69,388.1,390.71,42913288.0
2021-02-12 14:30:00,389.85,392.9,389.77,392.64,50593270.0
2021-02-16 14:30:00,393.96,394.17,391.53,392.3,50972366.0
2021-02-17 14:30:00,390.42,392.66,389.33,392.39,52806681.0
2021-02-18 14:30:00,389.59,391.515,387.74,390.72,59712773.0
2021-02-19 14:30:00,392.07,392.38,389.55,390.03,83240971.0
2021-02-22 14:30:00,387.06,389.62,386.74,387.03,67413570.0
2021-02-23 14:30:00,384.66,388.945,380.2,387.5,107284127.0
2021-02-24 14:30:00,386.33,392.23,385.27,391.77,72433946.0
2021-02-25 14:30:00,390.41,391.88,380.7789,382.33,146670499.0
2021-02-26 14:30:00,384.35,385.58,378.23,380.36,152701639.0
2021-03-01 14:30:00,385.59,390.92,380.572,389.58,105348798.0
2021-03-02 14:30:00,389.82,390.07,386.0,386.54,79595332.0
2021-03-03 14:30:00,385.79,386.83,381.31,381.42,119940211.0
2021-03-04 14:30:00,381.22,384.0,371.88,376.7,183433020.0
2021-03-05 14:30:00,380.46,384.76,372.64,383.63,152039624.0
2021-03-08 14:30:00,384.66,387.68,381.42,381.72,123149245.0
2021-03-09 14:30:00,385.85,389.91,381.7299,387.17,113633556.0
2021-03-10 14:30:00,389.69,391.4,388.1702,389.58,109899410.0
2021-03-11 14:30:00,392.23,395.65,391.74,393.53,86245040.0
2021-03-12 14:30:00,392.07,394.21,391.2,394.06,64653565.0
2021-03-15 13:30:00,394.33,396.685,392.03,396.41,73592302.0
2021-03-16 13:30:00,397.07,397.83,395.08,395.91,73722506.0
2021-03-17 13:30:00,394.53,398.12,393.3,397.26,97959265.0
2021-03-18 13:30:00,394.475,396.72,390.75,391.48,115349101.0
2021-03-19 13:30:00,389.88,391.569,387.15,389.48,113624490.0
2021-03-22 13:30:00,390.03,394.07,389.97,392.59,73778646.0
2021-03-23 13:30:00,391.91,393.46,388.66,389.5,90686552.0
2021-03-24 13:30:00,391.0,392.75,387.47,387.52,97588644.0
2021-03-25 13:30:00,385.98,390.55,383.9,389.7,116128622.0
2021-03-26 13:30:00,390.93,396.41,390.29,395.98,114409114.0
2021-03-29 13:30:00,394.4,396.75,392.81,395.78,108107626.0
2021-03-30 13:30:00,394.42,395.45,393.02,394.73,76262249.0
2021-03-31 13:30:00,395.34,398.0,395.31,396.33,112734214.0
2021-04-01 13:30:00,398.4,400.67,398.18,400.61,99682876.0
2021-04-05 13:30:00,403.46,406.94,403.38,406.36,91684764.0
2021-04-06 13:30:00,405.76,407.24,405.4,406.12,62020953.0
2021-04-07 13:30:00,405.94,406.96,405.45,406.59,55836280.0
2021-04-08 13:30:00,407.93,408.58,406.93,408.52,57863114.0
2021-04-09 13:30:00,408.39,411.67,408.26,411.49,61104559.0
2021-04-12 13:30:00,410.85,411.93,410.2,411.64,56704899.0
2021-04-13 13:30:00,411.53,413.529,411.12,412.86,56550988.0
2021-04-14 13:30:00,412.83,413.96,410.87,411.45,61658197.0
2021-04-15 13:30:00,413.74,416.16,413.69,415.87,60229842.0
2021-04-16 13:30:00,417.25,417.91,415.73,417.26,82037278.0
2021-04-19 13:30:00,416.26,416.74,413.79,415.21,78498496.0
2021-04-20 13:30:00,413.91,415.0859,410.59,412.17,81851828.0
2021-04-21 13:30:00,411.51,416.29,411.36,416.07,66792024.0
2021-04-22 13:30:00,415.89,416.78,411.13,412.27,97582788.0
2021-04-23 13:30:00,412.87,418.25,412.79,416.74,73276195.0
2021-04-26 13:30:00,417.44,418.22,416.8111,417.61,52182392.0
2021-04-27 13:30:00,417.93,418.14,416.3,417.52,51302156.0
2021-04-28 13:30:00,417.81,419.01,416.9,417.4,51238854.0
2021-04-29 13:30:00,420.32,420.72,416.44,420.06,78544329.0
2021-04-30 13:30:00,417.63,418.54,416.34,417.3,85527030.0
2021-05-03 13:30:00,419.43,419.84,417.665,418.2,68128289.0
2021-05-04 13:30:00,416.07,416.6,411.67,415.62,101591166.0
2021-05-05 13:30:00,417.38,417.63,415.15,415.75,39960661.0
2021-05-06 13:30:00,415.83,419.21,413.675,419.07,74321368.0
2021-05-07 13:30:00,419.89,422.815,419.16,422.12,67733790.0
2021-05-10 13:30:00,422.5,422.74,417.81,417.94,81852446.0
2021-05-11 13:30:00,413.1,415.27,410.06,414.21,116887975.0
2021-05-12 13:30:00,411.23,412.59,404.0,405.41,134811046.0
2021-05-13 13:30:00,407.07,412.35,407.02,410.28,106393963.0
2021-05-14 13:30:00,413.21,417.49,413.18,416.58,82201629.0
2021-05-17 13:30:00,415.39,416.39,413.36,415.52,65129221.0
2021-05-18 13:30:00,415.8,416.06,411.77,411.94,59810238.0
2021-05-19 13:30:00,406.92,411.05,405.33,410.86,106467052.0
2021-05-20 13:30:00,411.8,416.625,411.67,415.28,78022218.0
2021-05-21 13:30:00,416.87,418.2,414.45,414.94,76578662.0
2021-05-24 13:30:00,417.34,420.32,417.08,419.17,51376702.0
2021-05-25 13:30:00,420.33,420.71,417.62,418.24,57451396.0
2021-05-26 13:30:00,418.87,419.61,417.76,419.07,43088618.0
2021-05-27 13:30:00,420.17,420.72,418.9851,419.29,56707677.0
2021-05-28 13:30:00,420.97,421.25,419.79,420.04,58520164.0
2021-06-01 13:30:00,422.57,422.72,419.2,419.67,54216625.0
2021-06-02 13:30:00,420.37,421.23,419.29,420.33,49097061.0
2021-06-03 13:30:00,417.85,419.99,416.28,418.77,58138763.0
2021-06-04 13:30:00,420.75,422.92,418.8422,422.6,55938789.0
2021-06-07 13:30:00,422.59,422.78,421.19,422.19,51555032.0
2021-06-08 13:30:00,423.11,423.21,420.32,422.28,47134279.0
2021-06-09 13:30:00,423.18,423.26,421.41,421.65,48436342.0
2021-06-10 13:30:00,422.96,424.63,421.55,423.61,51020147.0
2021-06-11 13:30:00,424.2,424.43,422.82,424.31,45570828.0
2021-06-14 13:30:00,424.43,425.37,423.1,425.26,42358478.0
2021-06-15 13:30:00,425.42,425.46,423.54,424.48,51508508.0
2021-06-16 13:30:00,424.63,424.87,419.92,422.11,80386082.0
2021-06-17 13:30:00,421.67,423.02,419.32,421.97,90949659.0
2021-06-18 13:30:00,417.09,417.8281,414.7,414.92,118676302.0
2021-06-21 13:30:00,416.8,421.06,415.93,420.86,72822028.0
2021-06-22 13:30:00,420.85,424.0,420.08,423.11,57700303.0
2021-06-23 13:30:00,423.19,424.05,422.51,422.6,49445414.0
2021-06-24 13:30:00,424.89,425.55,424.62,425.1,45110288.0
2021-06-25 13:30:00,425.9,427.0943,425.55,426.61,58129525.0
2021-06-28 13:30:00,427.17,427.65,425.89,427.47,53159581.0
2021-06-29 13:30:00,427.88,428.56,427.13,427.7,35970515.0
2021-06-30 13:30:00,427.21,428.78,427.18,428.06,64827858.0
2021-07-01 13:30:00,428.87,430.6,428.8,430.43,53441027.0
2021-07-02 13:30:00,431.67,434.1,430.5218,433.72,57697668.0
2021-07-06 13:30:00,433.78,434.01,430.01,432.93,68710419.0
2021-07-07 13:30:00,433.66,434.76,431.51,434.46,63549456.0
2021-07-08 13:30:00,428.78,431.73,427.52,430.92,97595232.0
2021-07-09 13:30:00,432.53,435.84,430.714,435.52,76238584.0
2021-07-12 13:30:00,435.43,437.35,434.97,437.08,52889585.0
2021-07-13 13:30:00,436.24,437.84,435.31,435.59,52911312.0
2021-07-14 13:30:00,437.4,437.92,434.91,436.24,64130352.0
2021-07-15 13:30:00,434.81,435.53,432.72,434.75,55126358.0
2021-07-16 13:30:00,436.01,436.06,430.92,431.34,75874662.0
2021-07-19 13:30:00,426.19,431.4089,421.97,424.97,147987000.0
2021-07-20 13:30:00,425.68,432.42,424.83,431.06,99608174.0
2021-07-21 13:30:00,432.34,434.7,431.0111,434.55,64724389.0
2021-07-22 13:30:00,434.74,435.72,433.69,435.46,47878539.0
2021-07-23 13:30:00,437.52,440.3,436.79,439.94,63766637.0
2021-07-26 13:30:00,439.31,441.03,439.26,441.02,43719187.0
2021-07-27 13:30:00,439.91,439.94,435.99,439.01,67397137.0
2021-07-28 13:30:00,439.68,440.3,437.31,438.83,52472360.0
2021-07-29 13:30:00,439.815,441.8,439.81,440.65,47435342.0
2021-07-30 13:30:00,437.91,440.06,437.77,438.51,68951202.0
2021-08-02 13:30:00,440.34,440.93,437.21,437.59,58783297.0
2021-08-03 13:30:00,438.44,441.28,436.1,441.15,58053896.0
2021-08-04 13:30:00,439.78,441.1243,438.73,438.98,46732212.0
2021-08-05 13:30:00,440.22,441.85,439.88,441.76,38969659.0
2021-08-06 13:30:00,442.1,442.94,441.8,442.49,46930008.0
2021-08-09 13:30:00,442.46,442.795,441.31,442.13,41222585.0
2021-08-10 13:30:00,442.61,443.44,441.88,442.68,43339275.0
2021-08-11 13:30:00,443.82,443.882,442.62,443.78,44034340.0
2021-08-12 13:30:00,443.62,445.2572,442.66,445.11,38942418.0
2021-08-13 13:30:00,445.59,445.94,445.07,445.92,39470251.0
2021-08-16 13:30:00,444.53,447.11,442.87,446.97,73930864.0
2021-08-17 13:30:00,444.24,444.96,440.85,444.04,92673933.0
2021-08-18 13:30:00,442.96,444.625,438.92,439.18,89351931.0
2021-08-19 13:30:00,436.27,441.14,436.12,439.86,92812246.0
2021-08-20 13:30:00,440.23,443.71,439.71,443.36,72008712.0
2021-08-23 13:30:00,445.16,448.23,443.4355,447.26,54973038.0
2021-08-24 13:30:00,447.97,448.54,447.42,447.97,38744714.0
2021-08-25 13:30:00,448.17,449.457,447.77,448.91,40529711.0
2021-08-26 13:30:00,448.61,448.86,446.16,446.26,57829572.0
2021-08-27 13:30:00,447.12,450.65,447.06,450.25,77235113.0
2021-08-30 13:30:00,450.97,453.07,450.71,452.23,48357355.0
2021-08-31 13:30:00,452.13,452.49,450.92,451.56,59300213.0
2021-09-01 13:30:00,452.56,453.11,451.545,451.8,48721378.0
2021-09-02 13:30:00,453.32,454.05,451.91,453.19,42830867.0
2021-09-03 13:30:00,451.98,453.63,451.55,453.08,47234364.0
2021-09-07 13:30:00,452.71,452.81,450.7423,451.46,51671534.0
2021-09-08 13:30:00,450.89,451.67,448.86,450.91,56181907.0
2021-09-09 13:30:00,450.7,452.57,448.72,448.98,57970407.0
2021-09-10 13:30:00,451.04,451.49,445.31,445.44,89948174.0
2021-09-13 13:30:00,448.64,448.92,444.11,446.58,83738649.0
2021-09-14 13:30:00,448.12,448.34,443.22,444.17,78197140.0
2021-09-15 13:30:00,444.62,448.41,443.44,447.88,78792222.0
2021-09-16 13:30:00,447.32,448.36,444.02,447.17,77786735.0
2021-09-17 13:30:00,444.92,445.37,441.02,441.4,118425037.0
2021-09-20 13:30:00,434.88,436.56,428.86,434.04,166445534.0
2021-09-21 13:30:00,436.53,437.91,433.07,433.63,92526112.0
2021-09-22 13:30:00,436.05,440.03,433.747,437.86,102350143.0
2021-09-23 13:30:00,439.85,444.89,439.6,443.18,76395981.0
2021-09-24 13:30:00,441.44,444.67,441.21,443.91,62094837.0
2021-09-27 13:30:00,442.81,444.05,441.9,442.64,61371108.0
2021-09-28 13:30:00,439.69,440.04,432.94,433.72,130436306.0
2021-09-29 13:30:00,435.19,437.04,433.85,434.45,82329213.0
2021-09-30 13:30:00,436.02,436.77,428.78,429.14,140505979.0
2021-10-01 13:30:00,430.98,436.0329,427.23,434.24,129240106.0
2021-10-04 13:30:00,433.0,433.96,426.36,428.64,128569957.0
2021-10-05 13:30:00,430.24,435.49,429.39,433.1,90682520.0
2021-10-06 13:30:00,429.27,435.1199,427.54,434.9,113032245.0
2021-10-07 13:30:00,438.39,441.68,438.2,438.66,72437499.0
2021-10-08 13:30:00,439.48,439.89,437.19,437.86,74557404.0
2021-10-11 13:30:00,437.16,440.26,434.62,434.69,65233285.0
2021-10-12 13:30:00,435.67,436.1,432.78,433.62,71181163.0
2021-10-13 13:30:00,434.71,436.05,431.54,435.18,72973979.0
2021-10-14 13:30:00,439.08,442.66,438.58,442.5,70236825.0
2021-10-15 13:30:00,444.75,446.26,444.09,445.87,66260210.0
2021-10-18 13:30:00,443.97,447.55,443.27,447.19,62213228.0
2021-10-19 13:30:00,448.92,450.71,448.27,450.64,46996827.0
2021-10-20 13:30:00,451.13,452.732,451.01,452.41,49571569.0
2021-10-21 13:30:00,451.77,453.829,451.31,453.59,41305438.0
2021-10-22 13:30:00,453.13,454.67,451.05,453.12,58845088.0
2021-10-25 13:30:00,454.28,455.9,452.39,455.55,45214507.0
2021-10-26 13:30:00,457.2,458.49,455.56,455.96,56075116.0
2021-10-27 13:30:00,456.45,457.16,453.86,453.94,72437997.0
2021-10-28 13:30:00,455.46,458.4,455.45,458.32,51437944.0
2021-10-29 13:30:00,455.87,459.56,455.56,459.25,70162424.0
2021-11-01 13:30:00,460.3,460.7021,458.2,460.04,48433642.0
2021-11-02 13:30:00,460.22,462.23,460.08,461.9,48908417.0
2021-11-03 13:30:00,461.3,465.15,460.83,464.72,52509825.0
2021-11-04 13:30:00,465.36,467.0,464.99,466.91,52847087.0
2021-11-05 13:30:00,469.28,470.65,466.92,468.53,66390563.0
2021-11-08 14:30:00,469.7,470.23,468.2031,468.93,50405194.0
2021-11-09 14:30:00,469.32,469.57,465.88,467.38,51149147.0
2021-11-10 14:30:00,465.58,467.38,462.04,463.62,69429653.0
2021-11-11 14:30:00,465.21,465.29,463.75,463.77,34848495.0
2021-11-12 14:30:00,465.12,467.86,464.11,467.27,53466654.0
2021-11-15 14:30:00,468.64,468.81,466.23,467.43,46980500.0
2021-11-16 14:30:00,467.15,470.485,467.07,469.28,48857502.0
2021-11-17 14:30:00,469.0,469.19,467.48,468.14,47858289.0
2021-11-18 14:30:00,469.24,470.01,466.34,469.73,50625607.0
2021-11-19 14:30:00,469.61,470.94,468.5,468.89,57315573.0
2021-11-22 14:30:00,470.89,473.54,467.35,467.57,72761954.0
2021-11-23 14:30:00,467.22,469.095,464.45,468.19,73206538.0
2021-11-24 14:30:00,466.06,469.57,465.19,469.44,61858813.0
2021-11-26 14:30:00,462.34,463.9,457.77,458.97,112669636.0
2021-11-29 14:30:00,464.07,466.56,461.73,464.6,86268818.0
2021-11-30 14:30:00,462.0,464.03,455.3,455.56,148559598.0
2021-12-01 14:30:00,461.64,464.67,450.29,450.5,132485835.0
2021-12-02 14:30:00,450.73,459.07,450.31,457.4,127637758.0
2021-12-03 14:30:00,459.17,460.3,448.92,453.42,137331647.0
2021-12-06 14:30:00,456.13,460.79,453.56,458.79,98977532.0
2021-12-07 14:30:00,464.41,468.88,458.6546,468.28,95484688.0
2021-12-08 14:30:00,468.7,470.0,466.83,469.52,72238777.0
2021-12-09 14:30:00,468.15,469.6291,466.14,466.35,61272568.0
2021-12-10 14:30:00,469.23,470.9,466.51,470.74,77159757.0
2021-12-13 14:30:00,470.19,470.56,466.27,466.57,87724680.0
2021-12-14 14:30:00,463.09,465.74,460.25,463.36,97264128.0
2021-12-15 14:30:00,463.42,470.86,460.74,470.6,116899251.0
2021-12-16 14:30:00,472.57,472.87,464.8,466.45,116568626.0
2021-12-17 14:30:00,461.55,464.74,458.06,459.87,135636510.0
2021-12-20 14:30:00,454.48,455.4,451.14,454.98,107134822.0
2021-12-21 14:30:00,458.61,463.21,456.31,463.06,69806260.0
2021-12-22 14:30:00,462.79,467.81,462.58,467.69,58890223.0
2021-12-23 14:30:00,468.75,472.19,468.64,470.6,56439745.0
2021-12-27 14:30:00,472.06,477.31,472.01,477.26,56808619.0
2021-12-28 14:30:00,477.72,478.81,476.06,476.87,47274585.0
2021-12-29 14:30:00,476.98,478.56,475.92,477.48,54502964.0
2021-12-30 14:30:00,477.93,479.0,475.67,476.16,55329041.0
